43.442,40.615,20.211,78
44.896,38.651,21.616,78
42.117,38.701,21.654,78
41.209,41.305,21.622,78
45.776,41.391,21.658,78
43.434,42.992,21.662,78
40.683,36.712,22.995,78
43.483,36.706,23.058,78
46.287,36.688,23.018,78
39.786,39.392,22.96,78
47.245,39.427,22.957,78
43.465,40.537,23,78
38.925,42.159,23.05,78
47.943,42.179,23.003,78
41.203,43.685,22.98,78
45.765,43.74,23.014,78
43.429,45.372,23.026,78
39.246,34.738,24.305,78
42.053,38.745,24.263,78
42.202,34.704,24.405,78
45.018,34.695,24.368,78
47.649,34.872,24.42,78
38.459,37.407,24.414,78
48.632,37.537,24.366,78
44.832,38.735,24.403,78
37.493,40.043,24.391,78
49.418,40.187,24.408,78
41.243,41.379,24.411,78
45.726,41.437,24.346,78
36.699,42.792,24.355,78
43.474,43.037,24.35,78
50.288,43.033,24.356,78
38.821,44.481,24.405,78
47.939,44.504,24.361,78
41.036,46.065,24.351,78
45.767,46.122,24.375,78
43.435,47.751,24.385,78
49.031,32.882,25.675,78
43.589,36.733,25.677,78
36.067,38.1,25.692,78
38.941,42.035,25.662,78
36.602,45.174,25.667,78
50.292,45.405,25.673,78
37.818,32.91,25.799,78
40.88,32.788,25.746,78
43.589,32.794,25.811,78
46.406,32.883,25.77,78
37.007,35.411,25.771,78
50.106,35.709,25.77,78
40.606,36.757,25.787,78
46.217,36.73,25.811,78
50.946,38.359,25.817,78
39.792,39.258,25.76,78
47.181,39.478,25.752,78
43.592,40.585,25.794,78
35.27,40.78,25.81,78
51.756,40.93,25.761,78
47.995,42.223,25.796,78
34.407,43.488,25.783,78
41.139,43.74,25.773,78
45.71,43.796,25.805,78
52.468,43.798,25.803,78
43.471,45.421,25.716,78
38.826,46.864,25.766,78
47.95,46.986,25.721,78
41.056,48.546,25.808,78
45.77,48.606,25.736,78
43.436,50.234,25.746,78
45.058,30.895,27.07,78
50.57,30.866,27.094,78
35.611,33.603,27.062,78
47.691,34.707,27.03,78
39.289,34.84,27.07,78
52.427,36.348,27.079,78
38.398,37.453,27.042,78
42.069,38.632,27.062,78
49.54,40.224,27.038,78
32.861,41.314,27.098,78
41.175,41.297,27.047,78
54.085,41.689,27.075,78
32.189,44.327,27.058,78
38.85,44.429,27.037,78
45.755,50.97,27.056,78
43.428,52.552,27.063,78
36.483,30.912,27.155,78
39.442,30.803,27.209,78
42.247,30.794,27.169,78
47.706,30.88,27.185,78
51.646,33.733,27.191,78
42.258,34.784,27.199,78
44.882,34.724,27.16,78
34.731,36.105,27.195,78
48.671,37.479,27.157,78
44.871,38.627,27.208,78
33.836,38.809,27.166,78
53.237,38.932,27.18,78
37.501,39.94,27.188,78
45.766,41.352,27.145,78
36.618,42.744,27.147,78
43.511,42.983,27.151,78
50.231,42.99,27.145,78
47.986,44.577,27.158,78
54.813,44.548,27.159,78
34.301,45.863,27.14,78
41.132,46.112,27.138,78
45.702,46.18,27.17,78
52.469,46.163,27.164,78
36.594,47.552,27.19,78
43.478,47.802,27.178,78
50.288,47.785,27.182,78
38.724,49.256,27.131,78
47.944,49.359,27.184,78
40.947,50.938,27.173,78
40.92,28.812,28.469,78
35.065,29.004,28.442,78
46.447,28.98,28.465,78
51.889,29.047,28.485,78
37.844,32.846,28.424,78
43.631,32.83,28.435,78
49.069,32.905,28.453,78
53.793,34.525,28.473,78
32.404,36.824,28.468,78
40.639,36.684,28.421,78
43.624,36.678,28.467,78
46.255,36.773,28.43,78
36.093,38.138,28.47,78
51.012,38.213,28.453,78
31.558,39.498,28.433,78
55.457,39.766,28.475,78
35.184,40.649,28.446,78
43.436,40.532,28.418,78
38.889,42.086,28.468,78
47.927,42.173,28.44,78
45.743,43.739,28.451,78
52.505,43.729,28.448,78
36.638,45.226,28.46,78
50.222,45.361,28.457,78
56.982,45.35,28.466,78
54.803,46.914,28.477,78
34.31,48.347,28.46,78
40.972,48.505,28.454,78
52.457,48.542,28.486,78
38.719,51.622,28.451,78
40.943,53.267,28.486,78
38.121,28.847,28.564,78
43.638,28.984,28.579,78
49.082,28.964,28.584,78
34.169,31.653,28.576,78
53.035,31.871,28.592,78
40.821,32.632,28.554,78
46.26,32.832,28.567,78
33.298,34.189,28.546,78
36.96,35.502,28.567,78
50.149,35.65,28.566,78
54.61,37.111,28.577,78
39.859,39.38,28.556,78
47.214,39.423,28.551,78
51.803,40.869,28.562,78
30.554,41.997,28.58,78
56.264,42.335,28.573,78
34.348,43.593,28.572,78
41.174,43.67,28.578,78
29.795,45.028,28.528,78
43.508,45.366,28.515,78
32.081,46.717,28.564,78
38.86,46.811,28.563,78
47.986,46.918,28.524,78
45.706,48.552,28.533,78
36.428,49.942,28.558,78
43.472,50.121,28.538,78
50.28,50.106,28.54,78
47.933,51.743,28.547,78
45.766,53.333,28.562,78
43.434,54.938,28.566,78
33.634,27.027,29.898,78
36.793,26.89,29.841,78
42.295,26.993,29.866,78
45.004,26.992,29.829,78
50.632,27.107,29.833,78
32.852,29.694,29.859,78
54.489,30.044,29.83,78
39.478,30.736,29.832,78
45,30.822,29.841,78
50.449,30.936,29.861,78
47.82,31.014,29.799,78
31.885,32.357,29.831,78
35.634,33.544,29.853,78
51.504,33.836,29.79,78
42.12,34.687,29.828,78
39.235,34.892,29.873,78
47.631,34.859,29.849,78
56.141,35.272,29.836,78
34.66,36.189,29.825,78
52.391,36.391,29.853,78
38.426,37.395,29.847,78
56.939,37.868,29.883,78
42.028,38.734,29.865,78
44.812,38.73,29.823,78
53.15,39.064,29.795,78
37.444,40.029,29.818,78
29.167,40.192,29.867,78
49.571,40.16,29.849,78
57.729,40.516,29.821,78
32.886,41.348,29.87,78
41.217,41.336,29.845,78
53.97,41.631,29.85,78
28.348,42.692,29.842,78
58.543,43.095,29.872,78
32.118,44.286,29.848,78
38.892,44.473,29.835,78
45.744,46.222,29.814,78
52.516,46.206,29.811,78
59.322,46.213,29.819,78
29.8,47.372,29.845,78
36.467,47.607,29.82,78
43.512,47.679,29.827,78
50.233,47.842,29.817,78
56.984,47.827,29.825,78
32.087,49.034,29.88,78
47.982,49.304,29.833,78
54.796,49.296,29.839,78
34.208,50.734,29.819,78
40.974,50.859,29.817,78
45.696,50.935,29.842,78
52.449,50.923,29.847,78
36.43,52.321,29.878,78
43.465,52.503,29.855,78
50.281,52.491,29.859,78
47.934,54.12,29.868,78
40.832,55.649,29.852,78
45.755,55.684,29.878,78
43.427,57.318,29.891,78
39.475,26.901,29.969,78
47.818,26.954,29.945,78
53.275,27.034,29.961,78
36.405,30.856,29.948,78
42.292,30.826,29.959,78
55.3,32.617,29.935,78
45.006,34.668,29.96,78
31.076,34.893,29.966,78
30.107,37.509,29.947,78
48.719,37.517,29.963,78
33.861,38.735,29.959,78
45.807,41.424,29.947,78
36.661,42.788,29.95,78
43.449,43.035,29.952,78
50.278,43.032,29.95,78
47.929,44.659,29.958,78
54.686,44.651,29.949,78
27.571,45.726,29.948,78
34.341,45.915,29.935,78
41.013,46.165,29.94,78
38.765,49.304,29.926,78
38.555,53.963,29.962,78
38.151,24.909,31.256,78
40.962,24.898,31.214,78
46.489,25.022,31.231,78
32.205,25.101,31.243,78
52.004,25.144,31.239,78
54.644,25.134,31.202,78
31.405,27.71,31.213,78
55.985,28.033,31.244,78
34.996,29.052,31.22,78
40.863,28.944,31.238,78
43.67,28.926,31.191,78
49.194,28.996,31.211,78
34.187,31.55,31.189,78
53.076,31.8,31.207,78
29.644,32.912,31.259,78
37.889,32.894,31.229,78
43.488,32.789,31.235,78
46.372,32.872,31.193,78
49.171,32.834,31.251,78
57.622,33.275,31.251,78
53.85,34.563,31.265,78
36.995,35.446,31.198,78
28.686,35.595,31.233,78
50.081,35.702,31.191,78
58.423,36.034,31.285,78
32.454,36.902,31.245,78
40.682,36.726,31.219,78
43.492,36.734,31.282,78
46.295,36.715,31.238,78
54.658,37.148,31.209,78
27.88,38.2,31.202,78
36.128,38.086,31.27,78
50.93,38.345,31.244,78
59.214,38.647,31.225,78
31.469,39.443,31.226,78
39.803,39.431,31.196,78
47.16,39.473,31.185,78
55.516,39.807,31.253,78
35.234,40.727,31.246,78
43.476,40.574,31.215,78
51.745,40.921,31.199,78
60.068,41.267,31.28,78
30.659,42.039,31.197,78
38.922,42.034,31.267,78
47.968,42.218,31.242,78
56.312,42.373,31.205,78
26.11,43.393,31.261,78
34.374,43.474,31.22,78
41.218,43.713,31.21,78
45.791,43.783,31.251,78
52.448,43.78,31.249,78
60.88,43.874,31.231,78
36.674,45.156,31.262,78
50.267,45.401,31.261,78
57.035,45.4,31.255,78
25.292,46.512,31.232,78
32.114,46.597,31.21,78
38.792,46.861,31.2,78
54.687,46.967,31.257,78
27.578,48.203,31.268,78
34.24,48.302,31.25,78
41.014,48.549,31.252,78
52.512,48.593,31.274,78
29.694,49.762,31.21,78
36.467,49.991,31.186,78
31.927,51.425,31.249,78
38.762,51.678,31.238,78
47.982,51.787,31.194,78
54.804,51.776,31.197,78
40.87,53.212,31.283,78
45.699,53.419,31.201,78
52.463,53.403,31.206,78
36.335,54.812,31.238,78
43.471,54.884,31.216,78
50.278,54.971,31.216,78
38.552,56.345,31.276,78
47.927,56.463,31.225,78
40.826,58.031,31.216,78
45.742,58.054,31.238,78
43.415,59.682,31.251,78
35.452,24.89,31.352,78
43.683,25.087,31.35,78
49.199,25.155,31.35,78
38.156,28.728,31.354,78
46.374,28.914,31.332,78
51.825,28.987,31.336,78
30.451,30.401,31.34,78
56.76,30.691,31.354,78
40.863,32.78,31.347,78
33.238,34.241,31.339,78
26.918,40.783,31.342,78
29.831,45.077,31.32,78
43.449,45.417,31.316,78
48.029,46.962,31.321,78
61.505,46.977,31.316,78
45.749,48.596,31.329,78
59.322,48.584,31.326,78
43.516,50.218,31.337,78
50.225,50.225,31.334,78
56.981,50.21,31.337,78
34.215,53.111,31.339,78
30.892,23.249,32.588,78
34.033,22.984,32.644,78
36.815,23,32.591,78
39.522,22.996,32.65,78
42.336,23.086,32.61,78
47.856,23.058,32.642,78
50.674,23.148,32.601,78
53.385,23.146,32.659,78
56.183,23.255,32.611,78
29.981,25.793,32.659,78
57.352,26.209,32.639,78
33.67,27.093,32.573,78
36.718,26.834,32.627,78
39.515,26.937,32.581,78
42.334,26.92,32.649,78
45.043,26.908,32.607,78
50.57,26.986,32.616,78
53.361,27.149,32.579,78
29.118,28.411,32.642,78
58.132,28.838,32.577,78
32.769,29.643,32.646,78
54.537,29.975,32.616,78
36.46,30.938,32.569,78
39.522,30.777,32.631,78
42.227,30.782,32.589,78
45.045,30.865,32.647,78
47.683,30.855,32.608,78
50.492,30.831,32.654,78
28.234,31.097,32.599,78
59.002,31.45,32.645,78
31.89,32.242,32.617,78
55.343,32.555,32.564,78
27.352,33.598,32.587,78
35.568,33.598,32.655,78
51.649,33.674,32.607,78
59.786,34.065,32.591,78
39.255,34.778,32.573,78
42.234,34.781,32.628,78
44.862,34.786,32.587,78
47.673,34.697,32.641,78
31.016,34.943,32.591,78
56.198,35.218,32.625,78
34.682,36.094,32.624,78
26.467,36.289,32.653,78
52.427,36.333,32.659,78
60.586,36.686,32.632,78
30.131,37.445,32.565,78
38.358,37.45,32.652,78
48.632,37.649,32.589,78
56.993,37.787,32.664,78
42.053,38.625,32.565,78
44.851,38.618,32.621,78
25.507,38.958,32.621,78
33.806,38.784,32.6,78
53.197,39.103,32.607,78
61.447,39.309,32.588,78
37.481,39.977,32.622,78
29.257,40.14,32.652,78
49.436,40.214,32.645,78
57.781,40.555,32.613,78
32.939,41.423,32.572,78
41.254,41.271,32.645,78
45.732,41.346,32.572,78
24.632,41.48,32.604,78
54.088,41.672,32.648,78
62.241,42.034,32.628,78
28.375,42.728,32.627,78
36.711,42.889,32.594,78
43.486,42.978,32.588,78
50.309,42.966,32.592,78
58.663,43.156,32.657,78
23.718,44.092,32.58,78
32.159,44.334,32.644,78
38.825,44.425,32.638,78
47.96,44.564,32.604,78
54.789,44.573,32.601,78
63.054,44.649,32.573,78
27.611,45.774,32.594,78
34.286,46.024,32.581,78
41.052,46.11,32.578,78
45.78,46.156,32.618,78
52.437,46.163,32.612,78
59.205,46.162,32.601,78
23.053,47.213,32.652,78
29.724,47.464,32.632,78
36.506,47.551,32.627,78
43.444,47.787,32.628,78
50.271,47.788,32.623,78
57.026,47.775,32.613,78
25.284,48.885,32.591,78
31.955,49.093,32.573,78
38.799,49.236,32.565,78
48.024,49.348,32.631,78
54.678,49.35,32.62,78
27.414,50.576,32.636,78
34.236,50.678,32.614,78
40.907,50.943,32.614,78
45.736,50.977,32.642,78
52.499,50.969,32.635,78
29.7,52.227,32.668,78
36.366,52.384,32.665,78
43.512,52.547,32.651,78
50.216,52.548,32.643,78
31.821,53.816,32.613,78
38.594,54.073,32.599,78
47.986,54.169,32.655,78
34.055,55.5,32.666,78
40.871,55.698,32.643,78
45.701,55.771,32.66,78
36.338,57.159,32.598,78
43.472,57.367,32.573,78
38.459,58.863,32.642,78
40.675,60.423,32.584,78
45.044,23.069,32.746,78
47.863,26.989,32.734,78
63.848,47.979,32.763,78
61.627,49.582,32.774,78
59.328,51.062,32.787,78
57.093,52.678,32.796,78
54.803,54.257,32.809,78
52.565,55.878,32.817,78
50.391,57.469,32.826,78
48.049,59.077,32.838,78
45.865,60.663,32.747,78
43.579,62.269,32.755,78
32.74,20.996,33.998,78
35.543,20.996,34.052,78
38.198,20.999,34.009,78
41.01,21.085,33.969,78
43.72,21.074,34.029,78
46.534,21.112,33.974,78
29.454,21.292,34.047,78
49.237,21.254,34.039,78
52.05,21.241,33.994,78
54.766,21.336,34.057,78
57.552,21.288,34.018,78
28.572,23.963,34.007,78
58.826,24.382,34.045,78
35.386,24.832,33.978,78
38.191,24.983,34.029,78
40.905,24.982,33.991,78
43.717,24.954,33.94,78
32.236,25.141,34.028,78
46.423,25.111,34.016,78
49.231,25.096,33.968,78
51.874,25.089,34.029,78
54.746,25.154,33.989,78
27.698,26.488,33.987,78
59.692,26.953,33.998,78
31.358,27.801,33.996,78
55.945,28.075,34.018,78
38.101,28.831,33.973,78
40.903,28.769,34.039,78
26.727,29.11,34.073,78
35.03,28.994,34.023,78
43.606,28.981,34.003,78
46.414,28.955,33.954,78
49.23,28.947,34.009,78
51.863,29.032,33.968,78
60.471,29.614,34.047,78
30.477,30.329,33.972,78
56.7,30.735,33.963,78
34.245,31.642,33.997,78
25.933,31.785,34.033,78
52.941,31.866,34.01,78
61.28,32.192,33.998,78
29.493,32.949,34.039,78
37.823,32.831,34.032,78
40.906,32.825,33.986,78
43.599,32.829,34.037,78
46.412,32.806,33.993,78
49.046,32.896,33.956,78
57.59,33.312,34.022,78
24.964,34.297,34.016,78
33.273,34.184,33.967,78
53.78,34.522,33.951,78
62.132,34.847,34.045,78
37.037,35.492,34,78
28.718,35.637,34.019,78
50.116,35.633,34.002,78
58.366,35.974,33.968,78
32.473,36.792,34.053,78
40.621,36.682,34.027,78
43.596,36.68,33.976,78
46.233,36.772,34.038,78
24.174,36.985,33.976,78
54.772,37.091,34.015,78
62.926,37.443,33.994,78
27.732,38.137,33.995,78
36.077,38.137,33.972,78
50.995,38.207,34.057,78
59.146,38.598,34.014,78
39.826,39.33,33.995,78
23.21,39.602,34.058,78
31.51,39.49,34.03,78
47.193,39.405,33.983,78
55.547,39.744,33.963,78
63.718,40.088,34.036,78
35.263,40.64,34.047,78
43.423,40.631,34.02,78
26.956,40.825,33.965,78
51.78,40.866,34,78
60.02,41.22,33.965,78
30.519,41.987,34.001,78
38.871,42.118,33.968,78
22.415,42.179,34.02,78
48.017,42.262,34.041,78
56.347,42.318,34.006,78
64.583,42.675,33.993,78
25.982,43.438,34.053,78
34.493,43.577,34.022,78
41.163,43.768,34.014,78
45.722,43.726,34.053,78
52.484,43.727,34.047,78
60.837,43.778,34.005,78
21.431,44.78,34.006,78
29.869,45.019,33.968,78
36.608,45.206,33.958,78
43.482,45.347,33.953,78
50.301,45.347,33.957,78
56.956,45.351,33.948,78
65.379,45.308,34.048,78
25.315,46.465,34.019,78
32.059,46.676,34.009,78
38.825,46.798,34.002,78
47.95,46.947,33.966,78
54.787,46.912,33.96,78
20.785,48.003,33.962,78
27.506,48.147,33.957,78
34.285,48.348,34.047,78
40.951,48.502,34.054,78
45.784,48.54,33.981,78
52.441,48.543,33.971,78
22.947,49.583,34.016,78
29.734,49.815,33.997,78
36.502,49.935,33.988,78
43.45,50.145,33.991,78
50.257,50.134,33.979,78
25.18,51.278,34.057,78
31.962,51.476,34.034,78
38.697,51.629,34.041,78
48.014,51.728,33.992,78
27.407,52.911,33.993,78
34.137,53.066,33.975,78
40.914,53.284,33.98,78
45.73,53.359,34,78
29.601,54.6,34.028,78
36.361,54.726,34.028,78
43.514,54.926,34.011,78
31.816,56.185,33.973,78
38.592,56.392,33.964,78
34.051,57.854,34.025,78
40.764,58.088,34.006,78
36.234,59.523,33.957,78
38.467,61.207,34,78
40.681,62.788,34.047,78
61.558,47.164,34.21,78
59.379,48.76,34.217,78
66.294,48.862,34.326,78
57.144,50.346,34.127,78
63.963,50.46,34.336,78
54.861,51.98,34.133,78
61.776,52.051,34.344,78
52.682,53.544,34.141,78
59.436,53.657,34.24,78
50.322,55.044,34.159,78
57.261,55.246,34.249,78
48.141,56.639,34.168,78
54.92,56.874,34.261,78
45.794,58.264,34.181,78
52.736,58.443,34.27,78
43.631,59.833,34.19,78
50.393,60.068,34.284,78
48.208,61.662,34.293,78
46.029,63.252,34.303,78
43.704,64.878,34.313,78
31.422,19.041,35.45,78
34.054,19.01,35.414,78
36.929,18.996,35.373,78
28.021,19.347,35.384,78
39.564,19.188,35.409,78
42.378,19.162,35.368,78
45.094,19.161,35.426,78
47.907,19.249,35.385,78
50.716,19.301,35.337,78
53.427,19.223,35.415,78
56.25,19.362,35.365,78
58.882,19.307,35.434,78
27.227,21.993,35.35,78
60.214,22.381,35.356,78
30.8,23.192,35.377,78
34.067,22.921,35.43,78
36.749,23.041,35.387,78
39.559,23.029,35.342,78
42.374,23.004,35.397,78
45.088,23.099,35.358,78
47.905,23.084,35.423,78
50.616,23.084,35.382,78
53.438,23.222,35.333,78
56.048,23.144,35.389,78
26.256,24.509,35.445,78
61.165,24.988,35.406,78
30.016,25.832,35.35,78
57.395,26.146,35.335,78
33.593,27.042,35.376,78
36.762,26.879,35.43,78
39.555,26.879,35.382,78
42.269,27.046,35.337,78
45.087,26.947,35.406,78
47.797,26.947,35.366,78
50.616,27.09,35.419,78
53.23,27.074,35.384,78
25.477,27.192,35.41,78
61.959,27.602,35.351,78
29.058,28.493,35.422,78
58.259,28.899,35.377,78
24.503,29.799,35.39,78
32.81,29.685,35.349,78
54.487,30.021,35.414,78
62.821,30.355,35.412,78
39.469,30.88,35.327,78
42.27,30.819,35.388,78
44.98,30.808,35.349,78
47.799,30.949,35.407,78
28.258,31.038,35.393,78
36.409,31.039,35.366,78
50.409,30.985,35.368,78
59.062,31.484,35.43,78
23.701,32.341,35.358,78
31.849,32.337,35.42,78
55.276,32.648,35.361,78
63.605,32.985,35.352,78
27.296,33.683,35.37,78
35.601,33.536,35.34,78
51.49,33.818,35.395,78
59.827,34.141,35.378,78
42.093,34.675,35.328,78
22.732,35.006,35.434,78
31.048,34.879,35.393,78
39.313,34.873,35.372,78
44.986,34.882,35.385,78
47.772,34.827,35.349,78
56.054,35.277,35.414,78
64.404,35.608,35.394,78
26.506,36.331,35.337,78
34.648,36.23,35.428,78
52.355,36.389,35.348,78
60.716,36.718,35.424,78
30.089,37.538,35.368,78
38.394,37.378,35.349,78
48.693,37.508,35.391,78
21.781,37.683,35.407,78
56.923,37.884,35.361,78
65.274,38.178,35.357,78
25.513,38.836,35.414,78
33.844,38.734,35.399,78
42.107,38.719,35.373,78
44.964,38.703,35.329,78
53.131,39.06,35.401,78
61.498,39.385,35.372,78
37.527,40.023,35.42,78
20.969,40.19,35.378,78
29.302,40.186,35.333,78
49.54,40.157,35.34,78
57.721,40.511,35.406,78
66.054,40.842,35.393,78
32.872,41.362,35.376,78
41.19,41.32,35.346,78
45.77,41.426,35.377,78
24.739,41.534,35.39,78
54.118,41.61,35.357,78
62.286,41.963,35.419,78
20.014,42.842,35.357,78
28.3,42.68,35.427,78
36.642,42.8,35.396,78
43.426,43.029,35.384,78
50.251,43.019,35.393,78
58.518,43.083,35.358,78
66.843,43.478,35.337,78
23.757,44.152,35.366,78
32.094,44.269,35.346,78
38.881,44.5,35.344,78
48.007,44.635,35.406,78
54.661,44.642,35.396,78
63.159,44.6,35.369,78
19.206,45.481,35.426,78
27.543,45.828,35.394,78
34.324,45.939,35.386,78
41.155,46.148,35.376,78
45.724,46.209,35.416,78
52.482,46.204,35.408,78
67.721,46.058,35.406,78
23.092,47.292,35.326,78
29.763,47.408,35.436,78
36.616,47.593,35.424,78
43.488,47.831,35.427,78
50.315,47.827,35.413,78
18.55,48.723,35.387,78
25.221,48.945,35.381,78
32.054,49.034,35.373,78
38.733,49.289,35.363,78
47.966,49.402,35.428,78
20.676,50.38,35.436,78
27.507,50.508,35.42,78
34.18,50.728,35.411,78
40.943,50.845,35.418,78
45.771,50.916,35.34,78
22.965,52.065,35.373,78
29.63,52.168,35.361,78
36.411,52.427,35.35,78
43.442,52.496,35.35,78
25.186,53.622,35.418,78
31.861,53.868,35.399,78
38.698,53.951,35.405,78
48.032,54.31,35.454,78
27.304,55.328,35.359,78
34.156,55.553,35.335,78
40.803,55.648,35.344,78
45.848,55.928,35.459,78
29.593,56.987,35.392,78
36.258,57.089,35.394,78
43.673,57.554,35.458,78
31.725,58.681,35.449,78
38.489,58.776,35.43,78
33.943,60.237,35.39,78
40.754,60.476,35.369,78
36.236,61.913,35.421,78
38.361,63.598,35.367,78
40.583,65.283,35.411,78
59.417,46.325,35.551,78
57.077,47.92,35.565,78
64.017,48.156,35.646,78
54.891,49.536,35.574,78
61.666,49.629,35.665,78
52.549,51.114,35.588,78
59.482,51.246,35.671,78
50.379,52.733,35.596,78
57.199,52.825,35.682,78
54.953,54.444,35.692,78
52.785,56.037,35.699,78
50.44,57.641,35.713,78
48.256,59.232,35.62,78
45.913,60.835,35.635,78
43.736,62.45,35.639,78
68.764,49.97,35.907,78
66.435,51.567,35.922,78
64.247,53.158,35.929,78
61.908,54.785,35.941,78
59.72,56.354,35.947,78
57.379,57.981,35.962,78
55.206,59.575,35.97,78
53.02,61.17,35.982,78
50.681,62.797,35.996,78
48.492,64.363,36.002,78
46.152,65.99,35.913,78
43.979,67.557,35.918,78
29.984,17.094,36.789,78
32.779,17.1,36.74,78
35.591,17.087,36.812,78
38.242,17.184,36.769,78
41.114,17.162,36.825,78
43.769,17.162,36.785,78
46.576,17.299,36.736,78
49.277,17.299,36.797,78
52.093,17.276,36.748,78
26.593,17.388,36.734,78
54.809,17.416,36.815,78
57.621,17.406,36.768,78
60.259,17.49,36.728,78
25.81,20.052,36.805,78
61.753,20.535,36.766,78
32.782,20.931,36.777,78
35.421,21.039,36.737,78
38.239,21.021,36.793,78
40.946,21.005,36.751,78
43.758,21.15,36.803,78
46.465,21.146,36.766,78
49.276,21.134,36.719,78
29.475,21.232,36.717,78
51.994,21.282,36.793,78
54.803,21.257,36.743,78
57.595,21.221,36.803,78
24.84,22.695,36.777,78
62.554,23.128,36.811,78
28.582,23.844,36.803,78
58.789,24.291,36.737,78
35.43,24.874,36.78,78
38.125,24.945,36.736,78
43.648,25.005,36.751,78
24.025,25.195,36.751,78
32.281,25.186,36.724,78
40.944,25.079,36.785,78
46.46,25.053,36.81,78
49.276,25.138,36.777,78
51.986,25.13,36.73,78
54.78,25.087,36.789,78
63.322,25.781,36.747,78
27.62,26.544,36.779,78
59.559,26.907,36.785,78
31.376,27.696,36.798,78
23.073,27.881,36.727,78
55.963,28.064,36.73,78
64.201,28.361,36.823,78
38.131,28.774,36.78,78
26.811,29.045,36.748,78
35.074,29.039,36.723,78
40.943,28.927,36.736,78
43.642,28.912,36.798,78
46.457,28.996,36.761,78
49.169,28.993,36.719,78
51.967,28.962,36.772,78
60.523,29.51,36.732,78
22.275,30.502,36.806,78
30.521,30.373,36.771,78
56.736,30.679,36.774,78
64.989,31.021,36.76,78
34.181,31.592,36.793,78
25.859,31.735,36.726,78
53.055,31.897,36.806,78
61.323,32.132,36.787,78
29.634,33.048,36.742,78
37.864,32.873,36.717,78
40.83,32.779,36.783,78
43.641,32.868,36.741,78
46.284,32.858,36.803,78
49.153,32.83,36.756,78
21.317,33.088,36.779,78
57.606,33.441,36.719,78
65.782,33.601,36.807,78
25.061,34.337,36.797,78
33.316,34.229,36.764,78
53.831,34.557,36.753,78
62.184,34.894,36.736,78
20.515,35.691,36.751,78
28.752,35.576,36.717,78
36.995,35.584,36.8,78
50.061,35.685,36.791,78
58.413,36.01,36.771,78
66.645,36.356,36.755,78
24.088,36.882,36.771,78
32.425,36.887,36.738,78
40.661,36.724,36.725,78
43.472,36.734,36.784,78
46.266,36.702,36.738,78
54.639,37.146,36.811,78
62.966,37.521,36.778,78
27.854,38.19,36.791,78
36.108,38.084,36.777,78
19.553,38.38,36.721,78
50.917,38.341,36.739,78
59.172,38.685,36.717,78
67.442,38.982,36.794,78
23.302,39.544,36.741,78
31.542,39.419,36.714,78
39.781,39.42,36.801,78
47.238,39.45,36.784,78
55.485,39.795,36.758,78
63.756,40.136,36.725,78
43.458,40.578,36.722,78
18.679,40.882,36.804,78
26.904,40.882,36.763,78
35.209,40.756,36.749,78
51.715,40.917,36.804,78
60.065,41.26,36.765,78
68.225,41.607,36.738,78
30.641,42.036,36.798,78
38.908,42.031,36.77,78
22.336,42.228,36.719,78
47.937,42.205,36.731,78
56.288,42.397,36.806,78
64.644,42.708,36.776,78
26.084,43.366,36.737,78
17.797,43.584,36.772,78
34.36,43.629,36.719,78
45.769,43.8,36.743,78
52.527,43.768,36.743,78
60.871,43.85,36.714,78
69.098,44.183,36.812,78
21.446,44.718,36.794,78
29.813,45.072,36.77,78
36.653,45.151,36.774,78
43.434,45.403,36.749,78
50.241,45.395,36.754,78
57.119,45.484,36.85,78
65.43,45.348,36.725,78
16.919,46.168,36.751,78
25.261,46.516,36.816,78
32.1,46.753,36.806,78
38.775,46.847,36.811,78
47.995,46.984,36.765,78
69.9,46.82,36.754,78
54.834,47.11,36.855,78
20.699,47.961,36.753,78
27.55,48.193,36.755,78
34.318,48.278,36.749,78
40.994,48.546,36.739,78
45.714,48.591,36.773,78
52.656,48.674,36.866,78
16.161,49.421,36.814,78
22.989,49.633,36.804,78
29.769,49.719,36.798,78
36.447,49.986,36.789,78
43.491,50.212,36.783,78
18.444,51.066,36.745,78
25.218,51.331,36.743,78
31.887,51.427,36.738,78
38.74,51.673,36.724,78
20.671,52.766,36.799,78
27.334,52.899,36.784,78
34.177,53.11,36.773,78
40.844,53.365,36.777,78
22.803,54.454,36.743,78
29.63,54.548,36.724,78
36.406,54.799,36.711,78
25.08,55.987,36.777,78
31.857,56.238,36.763,78
38.524,56.332,36.767,78
27.312,57.675,36.822,78
33.986,57.945,36.812,78
40.799,58.037,36.808,78
29.431,59.376,36.761,78
36.268,59.472,36.754,78
31.72,61.064,36.81,78
38.5,61.158,36.794,78
33.94,62.592,36.75,78
40.604,62.853,36.736,78
36.069,64.287,36.794,78
38.359,65.979,36.729,78
40.573,67.64,36.769,78
40.32,44.045,37.131,78
61.757,47.302,36.994,78
59.423,48.92,37.005,78
50.303,50.3,36.922,78
57.25,50.51,37.013,78
48.127,51.866,36.933,78
55.009,52.105,37.026,78
45.892,53.487,36.941,78
52.721,53.734,37.031,78
43.61,55.118,36.948,78
50.47,55.197,37.054,78
48.187,56.804,37.06,78
46.013,58.391,37.069,78
43.682,60.023,37.078,78
66.474,49.261,37.349,78
72.324,50.381,37.558,78
64.129,50.83,37.371,78
70.132,51.823,37.566,78
61.965,52.451,37.371,78
67.789,53.456,37.578,78
59.668,53.927,37.383,78
57.425,55.547,37.294,78
55.24,57.113,37.302,78
52.896,58.744,37.315,78
50.728,60.363,37.322,78
48.382,61.942,37.336,78
54.216,63.035,37.529,78
46.198,63.554,37.345,78
52.034,64.657,37.545,78
43.917,65.136,37.351,78
49.858,66.22,37.552,78
65.605,55.019,37.625,78
63.266,56.653,37.634,78
61.089,58.264,37.641,78
58.75,59.848,37.654,78
56.565,61.463,37.66,78
47.521,67.857,37.603,78
45.333,69.468,37.612,78
43.004,71.054,37.624,78
28.644,14.998,38.145,78
31.451,15.099,38.2,78
34.159,15.098,38.159,78
39.607,15.222,38.18,78
42.422,15.212,38.133,78
25.269,15.55,38.183,78
36.979,15.283,38.099,78
45.138,15.35,38.188,78
47.95,15.337,38.144,78
50.762,15.317,38.2,78
53.477,15.412,38.159,78
56.287,15.401,38.114,78
58.986,15.4,38.191,78
61.784,15.508,38.143,78
24.376,18.091,38.15,78
63.241,18.674,38.173,78
31.35,18.936,38.121,78
34.161,18.927,38.194,78
39.596,19.055,38.104,78
28.048,19.387,38.173,78
36.793,19.138,38.155,78
42.418,19.196,38.161,78
45.13,19.191,38.117,78
47.947,19.176,38.172,78
50.665,19.345,38.135,78
53.475,19.249,38.195,78
56.175,19.25,38.154,78
58.969,19.362,38.108,78
23.505,20.696,38.132,78
64.019,21.293,38.114,78
27.159,21.932,38.146,78
60.266,22.42,38.143,78
30.84,23.239,38.184,78
34.177,22.981,38.136,78
36.781,22.99,38.186,78
39.604,23.07,38.143,78
42.315,23.057,38.107,78
45.127,23.042,38.156,78
47.84,23.139,38.118,78
50.66,23.12,38.18,78
53.283,23.109,38.139,78
56.164,23.188,38.199,78
22.625,23.387,38.194,78
64.886,23.868,38.17,78
26.297,24.586,38.115,78
61.114,25.072,38.19,78
21.745,25.886,38.179,78
29.955,25.788,38.156,78
57.342,26.199,38.13,78
65.676,26.525,38.11,78
33.634,27.087,38.177,78
36.796,26.823,38.127,78
39.497,26.936,38.186,78
42.306,26.906,38.138,78
45.027,27.001,38.101,78
47.845,27.047,38.169,78
50.465,26.985,38.123,78
25.417,27.238,38.197,78
53.263,27.169,38.173,78
61.916,27.647,38.137,78
29.076,28.385,38.126,78
20.783,28.583,38.155,78
58.125,28.825,38.172,78
66.462,29.159,38.165,78
24.524,29.733,38.177,78
32.758,29.74,38.148,78
54.517,29.971,38.122,78
62.674,30.324,38.188,78
36.429,30.928,38.172,78
39.509,30.833,38.124,78
42.204,30.765,38.195,78
45.024,30.849,38.152,78
47.831,30.897,38.106,78
19.972,31.089,38.124,78
28.201,31.087,38.202,78
50.451,31.03,38.158,78
58.986,31.428,38.128,78
67.325,31.761,38.12,78
31.88,32.276,38.118,78
23.562,32.42,38.149,78
55.319,32.554,38.169,78
63.57,32.894,38.143,78
27.316,33.59,38.176,78
35.646,33.583,38.145,78
51.636,33.658,38.097,78
19.023,33.776,38.213,78
59.779,34.056,38.184,78
68.124,34.388,38.164,78
42.218,34.779,38.137,78
45.018,34.698,38.181,78
47.632,34.746,38.147,78
22.777,35.089,38.114,78
30.992,34.927,38.097,78
39.233,34.819,38.178,78
56.08,35.21,38.114,78
64.347,35.55,38.188,78
34.672,36.131,38.115,78
18.116,36.39,38.185,78
26.355,36.275,38.146,78
52.39,36.474,38.148,78
60.752,36.665,38.129,78
68.908,37.014,38.107,78
30.129,37.583,38.168,78
38.435,37.425,38.15,78
48.614,37.599,38.185,78
21.804,37.627,38.194,78
56.968,37.925,38.168,78
65.138,38.129,38.133,78
44.817,38.609,38.131,78
17.242,38.892,38.167,78
25.566,38.924,38.116,78
33.886,38.774,38.089,78
42.028,38.67,38.176,78
53.178,39.096,38.093,78
61.539,39.43,38.174,78
69.713,39.592,38.153,78
37.464,39.963,38.124,78
21.002,40.23,38.168,78
29.15,40.127,38.141,78
49.409,40.208,38.134,78
57.761,40.549,38.112,78
66.012,40.889,38.176,78
24.583,41.424,38.191,78
32.915,41.409,38.177,78
41.221,41.265,38.147,78
45.715,41.328,38.181,78
16.349,41.594,38.128,78
54.067,41.661,38.149,78
62.327,42,38.12,78
70.576,42.349,38.213,78
28.346,42.753,38.114,78
36.701,42.862,38.199,78
20.051,42.922,38.14,78
43.465,42.957,38.191,78
50.285,42.955,38.192,78
58.626,43.155,38.156,78
66.805,43.516,38.122,78
23.79,44.102,38.164,78
15.493,44.271,38.204,78
32.136,44.313,38.147,78
47.936,44.554,38.092,78
63.201,44.643,38.17,78
71.356,45.007,38.153,78
19.234,45.405,38.114,78
27.578,45.758,38.195,78
34.37,46.014,38.187,78
45.757,46.146,38.102,78
67.605,46.101,38.186,78
14.57,46.762,38.179,78
23.03,47.2,38.131,78
29.803,47.454,38.132,78
36.475,47.544,38.132,78
72.231,47.586,38.21,78
43.425,47.779,38.107,78
18.49,48.782,38.174,78
25.255,48.891,38.182,78
31.929,49.118,38.169,78
38.775,49.23,38.175,78
48.179,49.588,38.214,78
13.932,50.237,38.133,78
20.702,50.33,38.117,78
27.38,50.592,38.119,78
34.217,50.669,38.112,78
40.984,50.914,38.102,78
45.821,51.059,38.237,78
16.157,51.894,38.172,78
22.999,52.017,38.168,78
29.675,52.243,38.159,78
36.444,52.359,38.154,78
43.642,52.68,38.241,78
18.441,53.45,38.11,78
25.114,53.679,38.106,78
31.891,53.801,38.101,78
38.57,54.071,38.198,78
20.569,55.144,38.162,78
27.341,55.387,38.145,78
34.008,55.507,38.138,78
40.847,55.723,38.14,78
22.797,56.84,38.206,78
29.458,56.946,38.188,78
36.303,57.165,38.188,78
25.093,58.47,38.14,78
31.756,58.632,38.125,78
38.531,58.853,38.128,78
27.206,60.064,38.184,78
33.979,60.291,38.176,78
40.64,60.416,38.171,78
29.435,61.723,38.123,78
36.106,61.967,38.116,78
31.555,63.427,38.179,78
38.393,63.55,38.16,78
33.845,65.084,38.112,78
40.611,65.21,38.099,78
36.063,66.673,38.158,78
38.194,68.336,38.198,78
40.471,70.037,38.134,78
38.115,44.724,38.564,78
54.874,44.774,38.335,78
52.527,46.396,38.35,78
59.461,46.485,38.445,78
50.36,47.963,38.359,78
57.283,48.073,38.453,78
54.938,49.677,38.468,78
52.764,51.29,38.474,78
50.424,52.871,38.387,78
48.237,54.487,38.393,78
45.893,56.09,38.407,78
43.72,57.684,38.411,78
40.241,46.42,38.684,78
64.23,48.433,38.695,78
61.991,50.012,38.71,78
59.708,51.649,38.714,78
65.506,52.763,38.91,78
57.476,53.206,38.727,78
63.319,54.353,38.915,78
55.191,54.839,38.735,78
61.042,55.962,38.924,78
53.009,56.4,38.744,78
58.784,57.412,38.943,78
50.664,58.034,38.76,78
56.613,59.035,38.947,78
48.412,59.496,38.776,78
54.266,60.604,38.964,78
46.129,61.129,38.685,78
43.964,62.723,38.692,78
43.05,68.621,38.922,78
70.022,49.571,39.034,78
67.848,51.131,39.043,78
74.78,51.474,39.249,78
72.608,53.077,39.262,78
70.261,54.561,39.275,78
68.073,56.175,39.285,78
65.735,57.758,39.296,78
63.546,59.37,39.203,78
61.206,60.974,39.214,78
52.083,62.224,39.017,78
59.031,62.567,39.221,78
49.741,63.854,39.03,78
56.84,64.18,39.233,78
47.557,65.421,39.038,78
54.504,65.766,39.244,78
45.214,67.051,39.05,78
52.314,67.379,39.256,78
49.979,68.963,39.266,78
47.803,70.575,39.277,78
45.462,72.18,39.289,78
43.283,73.771,39.296,78
27.326,13.042,39.593,78
30.014,13.208,39.547,78
32.819,13.193,39.497,78
35.64,13.274,39.558,78
38.351,13.261,39.517,78
41.162,13.25,39.585,78
43.811,13.347,39.545,78
46.623,13.337,39.502,78
49.325,13.325,39.561,78
52.133,13.467,39.508,78
54.849,13.46,39.568,78
57.666,13.451,39.524,78
23.842,13.592,39.539,78
60.38,13.593,39.592,78
63.163,13.54,39.548,78
22.863,16.101,39.52,78
64.614,16.71,39.579,78
30.019,17.027,39.475,78
32.821,17.037,39.527,78
35.535,17.129,39.49,78
38.345,17.102,39.553,78
40.994,17.201,39.513,78
43.808,17.185,39.571,78
46.503,17.246,39.53,78
52.036,17.307,39.537,78
54.847,17.295,39.492,78
26.625,17.43,39.525,78
49.316,17.384,39.482,78
57.663,17.437,39.566,78
60.352,17.408,39.523,78
22.077,18.784,39.585,78
65.401,19.327,39.523,78
25.848,20.089,39.493,78
61.803,20.482,39.556,78
32.665,20.973,39.477,78
35.531,20.978,39.536,78
38.166,20.966,39.499,78
40.991,21.046,39.557,78
43.685,21.105,39.512,78
52.033,21.152,39.481,78
21.11,21.393,39.566,78
29.42,21.283,39.52,78
46.504,21.244,39.564,78
49.318,21.228,39.524,78
54.846,21.297,39.549,78
57.535,21.276,39.507,78
66.183,21.947,39.565,78
24.86,22.632,39.569,78
62.593,23.208,39.502,78
20.306,23.935,39.534,78
28.639,23.932,39.488,78
58.82,24.367,39.535,78
35.364,24.828,39.482,78
38.168,24.984,39.534,78
40.975,24.898,39.49,78
43.683,24.95,39.554,78
67.148,24.695,39.514,78
23.881,25.236,39.54,78
32.215,25.137,39.529,78
46.504,25.091,39.513,78
49.212,25.093,39.578,78
52.031,25.17,39.535,78
54.657,25.15,39.493,78
63.376,25.814,39.545,78
19.352,26.598,39.509,78
27.653,26.474,39.579,78
59.679,26.942,39.482,78
67.955,27.283,39.569,78
31.429,27.782,39.502,78
23.11,27.925,39.516,78
55.901,28.111,39.522,78
64.258,28.395,39.491,78
38.175,28.815,39.475,78
40.867,28.819,39.533,78
26.872,29.141,39.552,78
35.007,28.977,39.524,78
43.68,28.953,39.491,78
46.393,28.952,39.563,78
49.205,28.939,39.522,78
51.846,29.026,39.577,78
18.564,29.281,39.572,78
60.474,29.555,39.531,78
68.812,29.892,39.526,78
22.125,30.431,39.487,78
30.446,30.328,39.574,78
56.681,30.734,39.565,78
65.04,31.06,39.549,78
34.222,31.633,39.498,78
17.574,31.786,39.554,78
25.906,31.781,39.527,78
53.088,31.844,39.516,78
61.266,32.183,39.478,78
69.602,32.518,39.568,78
29.645,32.934,39.547,78
37.799,32.828,39.519,78
40.871,32.818,39.477,78
43.577,32.815,39.543,78
46.389,32.806,39.5,78
49.029,32.889,39.556,78
21.349,33.129,39.576,78
57.573,33.298,39.516,78
65.829,33.637,39.498,78
16.788,34.436,39.521,78
25.097,34.276,39.5,78
33.25,34.28,39.569,78
53.865,34.505,39.56,78
62.115,34.849,39.532,78
37.015,35.473,39.491,78
70.382,35.187,39.51,78
20.356,35.636,39.55,78
28.696,35.629,39.522,78
50.09,35.631,39.501,78
58.338,35.966,39.577,78
66.694,36.297,39.542,78
32.439,36.786,39.542,78
40.775,36.778,39.522,78
43.573,36.661,39.484,78
46.382,36.745,39.538,78
15.827,37.09,39.494,78
24.142,36.968,39.572,78
54.668,37.079,39.508,78
62.916,37.417,39.482,78
71.26,37.754,39.564,78
19.57,38.285,39.522,78
27.888,38.136,39.492,78
36.043,38.138,39.576,78
50.961,38.242,39.542,78
59.125,38.595,39.525,78
67.485,38.925,39.492,78
39.807,39.322,39.495,78
15.023,39.638,39.576,78
23.165,39.637,39.539,78
31.486,39.469,39.518,78
47.182,39.5,39.482,78
55.52,39.737,39.565,78
63.698,40.086,39.528,78
72.045,40.38,39.512,78
35.234,40.667,39.553,78
43.584,40.627,39.521,78
18.606,40.927,39.497,78
26.938,40.826,39.569,78
51.745,40.996,39.484,78
60.101,41.189,39.567,78
68.266,41.536,39.538,78
30.689,42.108,39.488,78
39.015,42.07,39.574,78
14.067,42.283,39.555,78
22.374,42.176,39.516,78
47.978,42.245,39.526,78
56.331,42.44,39.506,78
64.574,42.661,39.57,78
72.841,43.004,39.565,78
17.807,43.475,39.567,78
26.127,43.411,39.542,78
34.406,43.591,39.526,78
45.806,43.838,39.534,78
52.57,43.96,39.64,78
60.91,43.923,39.513,78
69.156,44.11,39.479,78
13.275,44.933,39.52,78
21.39,44.768,39.488,78
29.843,45.019,39.571,78
43.473,45.339,39.551,78
50.392,45.526,39.652,78
65.376,45.402,39.52,78
73.703,45.613,39.52,78
16.838,46.116,39.541,78
25.302,46.558,39.504,78
32.152,46.662,39.529,78
69.952,46.865,39.54,78
12.28,47.452,39.504,78
20.743,48.005,39.553,78
27.586,48.138,39.56,78
34.27,48.358,39.558,78
74.509,48.349,39.557,78
16.195,49.472,39.501,78
23.027,49.576,39.493,78
29.702,49.799,39.498,78
36.496,50.027,39.497,78
11.652,50.93,39.562,78
18.486,51.151,39.536,78
25.152,51.271,39.545,78
31.927,51.471,39.534,78
38.591,51.631,39.526,78
13.934,52.579,39.492,78
20.598,52.709,39.48,78
27.378,52.942,39.485,78
34.224,53.156,39.572,78
40.879,53.284,39.581,78
16.056,54.287,39.536,78
22.83,54.415,39.533,78
29.675,54.594,39.522,78
36.342,54.752,39.513,78
18.275,55.842,39.589,78
25.123,56.067,39.572,78
31.791,56.191,39.563,78
38.566,56.379,39.565,78
20.563,57.503,39.524,78
27.239,57.73,39.507,78
34.017,57.816,39.503,78
40.74,58.086,39.503,78
22.692,59.194,39.569,78
29.454,59.318,39.552,78
36.313,59.548,39.554,78
24.923,60.864,39.506,78
31.753,60.986,39.493,78
38.43,61.207,39.492,78
27.208,62.449,39.549,78
33.88,62.68,39.543,78
40.636,62.798,39.535,78
29.332,64.112,39.488,78
36.104,64.338,39.481,78
31.561,65.773,39.538,78
38.392,65.892,39.524,78
33.856,67.468,39.576,78
40.508,67.603,39.566,78
35.961,69.033,39.518,78
38.187,70.692,39.558,78
40.456,72.379,39.492,78
35.907,45.412,40.003,78
57.218,45.652,39.788,78
38.038,47.119,39.945,78
48.042,47.153,39.711,78
54.98,47.233,39.807,78
40.238,48.802,39.984,78
45.874,48.717,39.72,78
52.696,48.864,39.811,78
59.749,49.203,40.01,78
43.594,50.35,39.722,78
50.452,50.424,39.831,78
48.166,52.059,39.834,78
45.938,53.625,39.85,78
43.763,55.247,39.851,78
61.933,47.592,40.145,78
67.785,48.714,40.343,78
65.537,50.32,40.353,78
57.405,50.778,40.066,78
63.253,51.954,40.357,78
55.224,52.399,40.073,78
61.081,53.516,40.366,78
52.876,53.972,40.09,78
58.838,55.141,40.373,78
50.705,55.592,40.095,78
48.528,57.223,40.102,78
54.307,58.331,40.296,78
46.177,58.787,40.116,78
52.024,59.939,40.301,78
44.005,60.413,40.122,78
49.857,61.528,40.312,78
47.498,62.992,40.334,78
45.319,64.613,40.338,78
39.624,44.289,40.483,78
72.487,50.661,40.59,78
70.305,52.254,40.598,78
67.96,53.856,40.615,78
74.892,53.928,40.718,78
65.79,55.475,40.617,78
56.552,56.715,40.427,78
63.51,57.051,40.628,78
61.259,58.67,40.64,78
59.072,60.137,40.65,78
56.724,61.768,40.664,78
54.552,63.329,40.677,78
52.209,64.961,40.585,78
42.978,66.186,40.401,78
50.024,66.55,40.597,78
47.68,68.155,40.612,78
45.498,69.75,40.615,78
52.425,69.847,40.713,78
43.331,71.341,40.618,78
50.084,71.428,40.72,78
25.984,11.084,40.942,78
28.677,11.201,40.904,78
31.491,11.186,40.957,78
34.201,11.172,40.92,78
37.024,11.319,40.968,78
39.653,11.266,40.932,78
47.995,11.37,40.912,78
22.405,11.645,40.879,78
42.541,11.443,40.877,78
45.177,11.44,40.952,78
50.709,11.512,40.963,78
53.521,11.5,40.918,78
56.333,11.49,40.875,78
59.038,11.587,40.934,78
61.845,11.566,40.891,78
64.548,11.548,40.969,78
21.624,14.288,40.952,78
66.096,14.849,40.881,78
28.685,15.025,40.928,78
31.388,15.036,40.886,78
34.211,15.179,40.939,78
36.823,15.1,40.895,78
39.643,15.096,40.965,78
25.19,15.483,40.878,78
42.461,15.29,40.928,78
45.168,15.289,40.88,78
47.991,15.369,40.938,78
50.703,15.351,40.892,78
53.518,15.339,40.943,78
56.22,15.437,40.909,78
59.035,15.422,40.859,78
61.665,15.403,40.928,78
20.645,16.794,40.934,78
66.874,17.452,40.927,78
24.407,18.133,40.951,78
63.193,18.582,40.958,78
31.402,19.026,40.932,78
34.2,19.027,40.88,78
36.825,18.955,40.95,78
27.981,19.335,40.869,78
39.639,19.154,40.907,78
42.348,19.153,40.867,78
45.167,19.134,40.919,78
47.886,19.23,40.883,78
50.697,19.205,40.931,78
53.403,19.302,40.893,78
56.218,19.287,40.957,78
58.849,19.277,40.911,78
19.866,19.477,40.905,78
67.739,20.073,40.882,78
23.436,20.685,40.923,78
63.967,21.23,40.908,78
18.893,22.142,40.879,78
27.2,21.974,40.947,78
60.3,22.364,40.95,78
68.536,22.698,40.924,78
30.86,23.138,40.869,78
34.034,22.919,40.934,78
36.824,23.026,40.891,78
39.537,23.013,40.949,78
42.351,23,40.901,78
45.068,23.094,40.864,78
47.877,23.081,40.914,78
50.587,23.176,40.875,78
53.403,23.149,40.945,78
56.199,23.126,40.898,78
22.656,23.332,40.897,78
64.769,23.817,40.955,78
18.084,24.642,40.951,78
26.24,24.638,40.919,78
61.159,24.962,40.898,78
69.311,25.32,40.869,78
21.674,25.975,40.871,78
29.997,25.83,40.959,78
57.383,26.241,40.932,78
65.616,26.475,40.903,78
33.654,26.978,40.879,78
36.736,26.871,40.932,78
39.533,26.862,40.885,78
42.251,26.957,40.947,78
45.061,26.946,40.902,78
47.875,26.931,40.858,78
50.584,27.024,40.925,78
53.38,26.995,40.878,78
17.123,27.29,40.929,78
25.445,27.179,40.891,78
61.959,27.687,40.942,78
70.183,27.934,40.934,78
20.856,28.438,40.942,78
29.033,28.48,40.926,78
58.241,28.894,40.876,78
66.498,29.242,40.957,78
24.467,29.824,40.868,78
32.792,29.684,40.951,78
16.346,29.973,40.889,78
54.465,30.021,40.913,78
62.725,30.352,40.886,78
39.549,30.87,40.933,78
42.244,30.807,40.884,78
45.061,30.793,40.952,78
47.681,30.952,40.915,78
50.49,30.926,40.87,78
70.975,30.7,40.969,78
19.921,31.185,40.915,78
28.237,31.018,40.901,78
36.483,31.013,40.868,78
59.028,31.469,40.922,78
67.392,31.8,40.905,78
31.922,32.323,40.923,78
15.356,32.477,40.87,78
23.678,32.472,40.948,78
55.24,32.646,40.861,78
63.602,32.974,40.944,78
71.771,33.28,40.912,78
27.261,33.682,40.874,78
35.581,33.521,40.941,78
19.135,33.832,40.877,78
51.647,33.793,40.909,78
59.819,34.095,40.871,78
68.179,34.425,40.948,78
42.245,34.654,40.934,78
44.864,34.812,40.896,78
22.695,34.976,40.922,78
31.031,34.875,40.896,78
39.27,34.864,40.871,78
47.671,34.838,40.948,78
14.398,35.176,40.949,78
56.028,35.257,40.904,78
64.39,35.584,40.891,78
34.713,36.174,40.914,78
72.628,35.929,40.96,78
18.142,36.327,40.859,78
26.474,36.328,40.944,78
52.433,36.377,40.954,78
60.615,36.72,40.928,78
68.959,37.05,40.899,78
30.152,37.472,40.868,78
38.371,37.375,40.954,78
48.647,37.542,40.894,78
13.598,37.784,40.914,78
21.923,37.678,40.893,78
56.918,37.833,40.855,78
65.179,38.173,40.936,78
73.433,38.514,40.909,78
17.352,38.933,40.947,78
25.488,38.826,40.922,78
33.835,38.825,40.886,78
42.067,38.713,40.878,78
44.857,38.702,40.934,78
53.221,38.989,40.904,78
61.471,39.333,40.875,78
69.853,39.61,40.949,78
37.5,40.009,40.926,78
12.63,40.33,40.893,78
20.938,40.18,40.868,78
29.265,40.177,40.945,78
49.443,40.154,40.941,78
57.688,40.501,40.917,78
66.04,40.836,40.882,78
32.943,41.319,40.861,78
41.266,41.339,40.953,78
45.746,41.404,40.875,78
74.203,41.188,40.96,78
16.385,41.636,40.917,78
24.714,41.514,40.893,78
54.103,41.602,40.961,78
62.265,41.954,40.921,78
70.623,42.286,40.893,78
20.155,42.834,40.942,78
28.281,42.706,40.918,78
36.723,42.795,40.905,78
11.834,42.972,40.867,78
43.499,43.002,40.89,78
50.332,43.096,40.987,78
58.497,43.066,40.963,78
66.846,43.408,40.931,78
75.083,43.753,40.921,78
15.494,44.128,40.893,78
23.732,44.148,40.868,78
32.181,44.244,40.948,78
48.149,44.715,40.994,78
63.073,44.584,40.868,78
71.407,44.912,40.954,78
19.163,45.458,40.915,78
10.885,45.675,40.949,78
27.622,45.803,40.881,78
45.803,46.317,41.009,78
67.63,46.054,40.879,78
75.871,46.415,40.962,78
14.606,46.803,40.865,78
23.069,47.281,40.927,78
29.745,47.355,40.948,78
72.287,47.511,40.901,78
43.626,47.911,41.017,78
10.057,48.15,40.924,78
18.521,48.716,40.875,78
25.197,48.94,40.867,78
32.055,49.02,40.897,78
76.673,48.988,40.907,78
13.959,50.157,40.925,78
20.636,50.419,40.914,78
27.486,50.465,40.923,78
34.268,50.71,40.926,78
40.913,50.834,40.894,78
9.4238,51.723,40.879,78
16.185,51.812,40.863,78
22.864,52.072,40.967,78
29.707,52.155,40.961,78
36.384,52.411,40.948,78
77.126,52.369,40.847,78
11.643,53.277,40.921,78
18.313,53.508,40.899,78
25.147,53.627,40.908,78
31.823,53.853,40.898,78
38.674,53.932,40.889,78
13.837,54.942,40.95,78
20.605,55.195,40.952,78
27.274,55.327,40.949,78
34.051,55.55,40.936,78
40.881,55.666,40.943,78
72.604,55.556,40.767,78
16.058,56.627,40.894,78
22.823,56.72,40.895,78
29.504,56.99,40.886,78
36.339,57.107,40.88,78
70.367,57.127,40.777,78
18.293,58.324,40.95,78
25.024,58.423,40.935,78
31.796,58.679,40.922,78
38.464,58.804,40.929,78
68.19,58.744,40.786,78
20.394,59.861,40.892,78
27.245,60.115,40.872,78
33.912,60.206,40.868,78
40.685,60.459,40.869,78
65.848,60.374,40.799,78
22.687,61.549,40.926,78
29.363,61.81,40.914,78
36.142,61.898,40.92,78
63.665,61.941,40.811,78
24.917,63.232,40.87,78
31.58,63.339,40.97,78
38.437,63.594,40.957,78
61.321,63.57,40.821,78
27.049,64.937,40.915,78
33.873,65.034,40.907,78
59.139,65.161,40.831,78
40.546,65.294,40.895,78
29.328,66.472,40.963,78
36,66.733,40.945,78
56.788,66.762,40.847,78
31.457,68.164,40.905,78
54.622,68.358,40.851,78
38.23,68.418,40.885,78
33.687,69.847,40.945,78
40.495,69.944,40.929,78
35.979,71.547,40.881,78
38.084,73.083,40.922,78
47.899,73.044,40.769,78
45.555,74.647,40.783,78
40.308,74.773,40.976,78
43.395,76.238,40.787,78
54.918,44.974,41.236,78
33.506,46.211,41.323,78
52.749,46.533,41.248,78
35.719,47.815,41.355,78
50.401,48.163,41.146,78
38.036,49.468,41.319,78
48.211,49.618,41.159,78
45.964,51.181,41.178,78
43.691,52.817,41.178,78
48.391,54.785,41.391,78
46.22,56.347,41.401,78
43.942,57.98,41.402,78
37.278,44.999,41.711,78
59.683,46.881,41.485,78
65.483,47.898,41.696,78
57.447,48.332,41.507,78
63.293,49.515,41.694,78
55.166,49.971,41.519,78
61.113,51.08,41.701,78
52.919,51.561,41.531,78
58.767,52.711,41.715,78
50.738,53.155,41.538,78
56.593,54.272,41.724,78
54.252,55.903,41.737,78
52.066,57.494,41.744,78
49.721,59.094,41.76,78
45.369,62.283,41.657,78
43.028,63.914,41.673,78
39.524,46.652,41.86,78
70.242,49.827,42.039,78
68.065,51.415,42.049,78
65.82,53.034,42.057,78
63.533,54.612,41.967,78
61.304,56.226,41.975,78
59.018,57.836,41.981,78
65.88,57.938,42.076,78
56.776,59.424,41.997,78
63.598,59.516,42.086,78
47.538,60.718,41.806,78
54.492,61.029,42.006,78
61.429,61.134,42.09,78
52.249,62.618,42.023,78
59.083,62.711,42.107,78
49.963,64.249,42.028,78
56.901,64.332,42.113,78
47.788,65.715,42.043,78
45.54,67.308,42.055,78
43.261,68.912,42.062,78
43.338,73.945,42.072,78
24.554,9.1138,42.272,78
27.348,9.2666,42.339,78
30.052,9.2625,42.302,78
32.862,9.2417,42.251,78
35.584,9.3759,42.314,78
38.387,9.3599,42.263,78
41.2,9.3487,42.327,78
43.922,9.4501,42.283,78
46.723,9.4273,42.349,78
49.374,9.5291,42.307,78
52.183,9.5166,42.262,78
54.892,9.5626,42.318,78
60.417,9.6377,42.333,78
63.23,9.6312,42.284,78
21.091,9.6811,42.317,78
57.708,9.6908,42.273,78
65.855,9.7531,42.244,78
20.183,12.3,42.293,78
27.361,13.068,42.28,78
30.051,13.083,42.338,78
67.558,12.869,42.285,78
32.865,13.225,42.296,78
35.573,13.209,42.253,78
38.391,13.197,42.302,78
41.028,13.293,42.266,78
43.919,13.276,42.328,78
46.55,13.435,42.294,78
49.363,13.41,42.347,78
52.075,13.406,42.305,78
60.42,13.453,42.272,78
23.863,13.52,42.327,78
54.889,13.542,42.259,78
57.606,13.535,42.316,78
63.211,13.572,42.339,78
19.221,14.85,42.263,78
68.412,15.584,42.325,78
22.963,16.142,42.3,78
64.662,16.75,42.264,78
30.062,17.069,42.281,78
32.757,17.084,42.334,78
35.573,17.058,42.287,78
38.211,17.156,42.251,78
41.026,17.142,42.317,78
43.729,17.14,42.272,78
46.547,17.283,42.329,78
49.256,17.267,42.288,78
18.42,17.49,42.239,78
26.658,17.375,42.324,78
52.076,17.404,42.338,78
54.887,17.387,42.294,78
57.602,17.386,42.251,78
60.395,17.449,42.321,78
69.213,18.205,42.272,78
22.11,18.823,42.27,78
65.448,19.361,42.314,78
25.757,19.985,42.297,78
17.471,20.185,42.326,78
61.748,20.532,42.251,78
32.763,20.925,42.276,78
35.397,21.031,42.344,78
38.209,21.004,42.3,78
41.02,20.993,42.254,78
43.727,21.145,42.316,78
46.539,21.13,42.27,78
49.255,21.113,42.331,78
69.994,20.87,42.318,78
21.203,21.332,42.245,78
29.458,21.328,42.323,78
52.075,21.252,42.286,78
54.78,21.247,42.245,78
57.578,21.314,42.304,78
66.225,21.988,42.262,78
16.665,22.693,42.295,78
24.901,22.674,42.27,78
62.533,23.103,42.298,78
70.855,23.444,42.265,78
28.548,23.835,42.295,78
20.25,24.021,42.324,78
58.88,24.236,42.344,78
67.104,24.607,42.307,78
35.403,24.869,42.285,78
38.206,24.853,42.337,78
40.909,25.008,42.302,78
43.721,24.992,42.255,78
15.694,25.345,42.272,78
23.996,25.186,42.245,78
32.254,25.182,42.33,78
46.437,25.046,42.312,78
49.253,25.128,42.266,78
51.964,25.112,42.334,78
54.755,25.081,42.292,78
63.313,25.769,42.249,78
71.652,26.102,42.324,78
19.455,26.637,42.292,78
27.694,26.514,42.265,78
59.712,26.878,42.294,78
67.893,27.222,42.256,78
31.339,27.687,42.307,78
14.839,27.982,42.344,78
23.142,27.869,42.32,78
55.932,28.052,42.327,78
64.115,28.352,42.294,78
40.906,28.852,42.335,78
72.447,28.694,42.273,78
26.799,29.139,42.239,78
35.047,29.023,42.329,78
38.112,28.918,42.287,78
43.621,28.908,42.294,78
46.432,28.993,42.254,78
49.075,28.991,42.325,78
51.943,28.945,42.277,78
18.479,29.227,42.265,78
60.505,29.501,42.337,78
68.677,29.805,42.311,78
13.933,30.538,42.318,78
22.246,30.478,42.292,78
30.485,30.37,42.278,78
56.722,30.773,42.275,78
64.962,31.001,42.243,78
73.299,31.307,42.317,78
34.043,31.52,42.302,78
17.6,31.825,42.338,78
25.934,31.721,42.324,78
53.033,31.891,42.308,78
61.304,32.224,42.283,78
69.547,32.465,42.257,78
21.37,33.015,42.263,78
29.589,32.981,42.252,78
37.842,32.872,42.32,78
40.81,32.761,42.278,78
43.616,32.854,42.347,78
46.428,32.842,42.302,78
49.061,32.83,42.258,78
13.081,33.185,42.289,78
57.601,33.375,42.314,78
65.762,33.73,42.299,78
74.1,33.93,42.263,78
25.041,34.329,42.297,78
33.281,34.223,42.27,78
16.731,34.519,42.312,78
53.804,34.555,42.252,78
62.159,34.883,42.336,78
70.332,35.234,42.3,78
12.181,35.835,42.262,78
20.397,35.681,42.347,78
28.722,35.56,42.324,78
37.072,35.563,42.289,78
50.135,35.67,42.298,78
58.378,36.005,42.261,78
66.739,36.336,42.34,78
32.382,36.835,42.247,78
40.64,36.723,42.33,78
43.61,36.701,42.283,78
46.247,36.694,42.342,78
74.892,36.688,42.308,78
15.843,37.018,42.285,78
24.183,37.011,42.266,78
54.587,37.174,42.298,78
62.947,37.503,42.285,78
71.124,37.799,42.243,78
27.83,38.184,42.297,78
36.073,38.064,42.264,78
11.317,38.374,42.333,78
19.524,38.377,42.32,78
50.986,38.329,42.248,78
59.17,38.632,42.322,78
67.526,38.964,42.289,78
75.749,39.308,42.252,78
14.959,39.68,42.261,78
23.189,39.522,42.343,78
31.516,39.416,42.318,78
39.854,39.402,42.298,78
47.211,39.445,42.288,78
55.462,39.789,42.249,78
63.741,40.122,42.329,78
35.276,40.707,42.238,78
43.432,40.56,42.325,78
71.991,40.463,42.289,78
10.401,40.996,42.311,78
18.633,40.868,42.296,78
26.978,40.867,42.263,78
51.787,40.892,42.296,78
60.043,41.239,42.269,78
68.304,41.578,42.338,78
30.615,42.018,42.292,78
38.865,42.009,42.273,78
76.551,41.918,42.312,78
14.096,42.32,42.343,78
22.413,42.219,42.321,78
48.013,42.19,42.334,78
56.269,42.39,42.306,78
64.61,42.704,42.277,78
72.792,43.046,42.24,78
17.753,43.523,42.269,78
25.976,43.363,42.345,78
9.5522,43.676,42.283,78
34.343,43.645,42.336,78
41.155,43.707,42.307,78
45.728,43.763,42.342,78
60.837,43.847,42.316,78
69.184,44.196,42.289,78
77.333,44.554,42.26,78
13.177,44.835,42.319,78
21.423,44.711,42.294,78
29.8,45.081,42.261,78
43.569,45.389,42.256,78
65.404,45.343,42.325,78
73.552,45.708,42.295,78
8.6404,46.193,42.254,78
16.88,46.161,42.342,78
25.406,46.495,42.306,78
69.986,46.803,42.346,78
78.195,47.166,42.305,78
12.31,47.493,42.289,78
20.777,47.945,42.251,78
27.541,48.177,42.27,78
74.458,48.267,42.249,78
7.7771,48.844,42.344,78
16.308,49.539,42.3,78
22.968,49.626,42.292,78
29.752,49.837,42.311,78
79.007,49.76,42.25,78
11.755,50.98,42.245,78
18.419,51.065,42.337,78
25.191,51.314,42.343,78
31.964,51.401,42.346,78
38.704,51.666,42.321,78
74.945,51.665,42.185,78
7.1407,52.408,42.295,78
13.778,52.507,42.286,78
20.643,52.753,42.279,78
27.422,53.017,42.281,78
34.156,53.105,42.274,78
40.918,53.326,42.264,78
72.663,53.238,42.199,78
79.52,53.364,42.29,78
9.3225,54.093,42.335,78
16.083,54.196,42.327,78
22.945,54.452,42.329,78
29.608,54.543,42.324,78
70.408,54.713,42.217,78
36.38,54.798,42.308,78
77.237,54.943,42.3,78
11.541,55.625,42.274,78
18.307,55.894,42.266,78
25.055,56.083,42.269,78
31.831,56.234,42.262,78
38.509,56.458,42.252,78
68.126,56.321,42.222,78
75.06,56.553,42.307,78
13.775,57.319,42.311,78
20.505,57.59,42.316,78
27.269,57.674,42.313,78
34.131,57.884,42.301,78
40.775,58.016,42.308,78
72.719,58.158,42.323,78
15.961,59.012,42.252,78
22.721,59.112,42.259,78
29.498,59.359,42.25,78
36.243,59.563,42.24,78
70.535,59.75,42.331,78
18.189,60.668,42.303,78
24.95,60.801,42.299,78
31.695,61.07,42.288,78
38.46,61.155,42.294,78
68.193,61.378,42.344,78
20.413,62.23,42.347,78
27.147,62.505,42.337,78
33.918,62.724,42.34,78
40.583,62.853,42.333,78
66.006,62.947,42.251,78
22.533,63.929,42.287,78
29.37,64.163,42.277,78
36.137,64.281,42.283,78
63.771,64.407,42.268,78
24.818,65.617,42.325,78
31.588,65.72,42.332,78
54.654,65.891,42.176,78
38.335,65.972,42.322,78
61.48,66.033,42.273,78
27.05,67.272,42.265,78
33.703,67.416,42.274,78
40.545,67.645,42.26,78
52.371,67.529,42.181,78
59.242,67.599,42.29,78
29.17,68.838,42.32,78
35.997,69.114,42.31,78
50.138,69.143,42.193,78
56.956,69.229,42.295,78
31.457,70.537,42.258,78
38.224,70.737,42.247,78
47.855,70.72,42.202,78
54.765,70.839,42.303,78
33.688,72.194,42.295,78
40.336,72.334,42.29,78
45.674,72.34,42.21,78
52.428,72.449,42.317,78
35.878,73.864,42.332,78
50.254,74.038,42.324,78
38.094,75.446,42.275,78
47.913,75.644,42.339,78
40.321,77.14,42.327,78
45.729,77.237,42.345,78
43.504,78.83,42.251,78
52.777,44.102,42.577,78
50.433,45.726,42.59,78
57.386,46.066,42.782,78
31.185,46.894,42.731,78
48.263,47.32,42.594,78
55.204,47.629,42.792,78
33.517,48.597,42.699,78
45.92,48.922,42.609,78
53.039,49.253,42.79,78
35.738,50.304,42.731,78
43.742,50.514,42.616,78
50.687,50.825,42.816,78
34.981,45.697,43.132,78
63.35,47.177,43.132,78
61.062,48.748,43.138,78
58.817,50.367,43.152,78
56.524,51.844,43.051,78
48.502,52.44,42.863,78
54.28,53.46,43.061,78
46.149,53.914,42.882,78
51.995,55.094,43.067,78
43.974,55.541,42.89,78
49.765,56.657,43.085,78
47.582,58.279,43.089,78
45.235,59.852,43.106,78
43.055,61.471,43.115,78
37.313,47.305,43.294,78
39.541,48.998,43.238,78
68.112,49.122,43.375,78
65.759,50.604,43.397,78
72.688,50.808,43.483,78
63.577,52.17,43.408,78
70.35,52.43,43.49,78
61.232,53.798,43.418,78
68.177,54.021,43.498,78
59.049,55.39,43.426,78
65.834,55.62,43.514,78
56.705,56.995,43.439,78
63.649,57.245,43.517,78
54.533,58.586,43.446,78
61.47,58.809,43.524,78
52.351,60.181,43.339,78
50.003,61.807,43.352,78
47.823,63.377,43.361,78
54.594,63.52,43.461,78
45.479,65.007,43.374,78
52.414,65.085,43.475,78
43.31,66.597,43.38,78
50.069,66.714,43.485,78
47.887,68.282,43.496,78
25.922,11.129,43.611,78
28.717,11.141,43.677,78
31.429,11.241,43.637,78
34.245,11.214,43.686,78
36.942,11.217,43.644,78
39.758,11.309,43.699,78
42.403,11.355,43.667,78
45.215,11.28,43.607,78
22.45,11.691,43.656,78
48.035,11.459,43.697,78
50.738,11.457,43.645,78
53.563,11.54,43.699,78
56.262,11.542,43.657,78
59.073,11.516,43.707,78
61.788,11.618,43.668,78
64.585,11.593,43.618,78
21.554,14.23,43.635,78
66.127,14.781,43.669,78
28.627,15.073,43.635,78
31.427,15.074,43.686,78
34.238,15.049,43.643,78
36.867,15.141,43.705,78
39.759,15.133,43.655,78
42.397,15.186,43.724,78
25.231,15.529,43.679,78
45.213,15.326,43.682,78
47.92,15.313,43.641,78
50.738,15.294,43.694,78
53.445,15.394,43.655,78
56.26,15.375,43.706,78
58.974,15.473,43.669,78
61.777,15.438,43.732,78
20.688,16.839,43.715,78
66.91,17.498,43.717,78
24.342,18.07,43.651,78
63.23,18.623,43.657,78
31.433,18.912,43.627,78
36.862,18.995,43.641,78
39.58,19.045,43.712,78
19.71,19.386,43.683,78
28.024,19.38,43.677,78
34.045,19.14,43.686,78
42.394,19.19,43.667,78
45.107,19.188,43.725,78
47.922,19.161,43.675,78
50.628,19.255,43.637,78
53.435,19.242,43.688,78
56.088,19.339,43.645,78
58.966,19.31,43.717,78
67.78,20.113,43.653,78
23.478,20.726,43.726,78
64.006,21.268,43.706,78
18.914,22.032,43.662,78
27.234,21.916,43.646,78
60.241,22.414,43.644,78
36.756,22.912,43.694,78
68.577,22.737,43.703,78
30.815,23.228,43.669,78
34.072,22.957,43.626,78
39.574,23.052,43.649,78
42.292,23.046,43.708,78
45.105,23.035,43.663,78
47.92,23.187,43.725,78
50.619,23.107,43.676,78
53.434,23.095,43.634,78
56.072,23.183,43.703,78
22.5,23.373,43.701,78
64.81,23.854,43.656,78
26.272,24.571,43.723,78
17.963,24.721,43.635,78
61.104,25.01,43.693,78
69.355,25.356,43.655,78
21.695,25.877,43.67,78
30.036,25.871,43.64,78
57.413,26.186,43.635,78
65.658,26.517,43.701,78
33.609,27.068,43.68,78
36.776,26.912,43.634,78
39.572,26.899,43.688,78
42.286,26.897,43.646,78
45.105,27.042,43.707,78
47.804,26.982,43.663,78
50.622,26.953,43.727,78
53.241,27.096,43.688,78
17.154,27.233,43.707,78
25.29,27.228,43.696,78
61.879,27.641,43.639,78
70.226,27.975,43.708,78
29.065,28.419,43.73,78
20.742,28.559,43.645,78
58.298,28.745,43.688,78
66.45,29.135,43.651,78
16.196,29.878,43.676,78
24.487,29.726,43.668,78
32.831,29.725,43.647,78
54.495,29.965,43.723,78
62.661,30.305,43.687,78
36.407,30.921,43.674,78
39.476,30.751,43.632,78
42.29,30.906,43.688,78
44.91,30.848,43.647,78
47.808,30.824,43.713,78
71.01,30.64,43.659,78
19.956,31.227,43.716,78
28.276,31.06,43.706,78
50.423,31.023,43.671,78
59.059,31.413,43.633,78
67.248,31.756,43.71,78
31.856,32.27,43.724,78
15.399,32.524,43.656,78
23.534,32.416,43.639,78
55.284,32.534,43.667,78
63.546,32.874,43.636,78
71.806,33.214,43.706,78
18.971,33.724,43.688,78
27.304,33.727,43.675,78
35.618,33.565,43.647,78
51.497,33.854,43.706,78
59.85,34.039,43.678,78
68.113,34.339,43.653,78
39.199,34.773,43.666,78
42.102,34.703,43.63,78
44.9,34.691,43.693,78
14.417,35.036,43.619,78
22.746,35.068,43.728,78
31.068,34.918,43.698,78
47.607,34.888,43.651,78
56.071,35.298,43.712,78
64.315,35.537,43.69,78
72.668,35.838,43.644,78
34.647,36.113,43.721,78
18.185,36.371,43.658,78
26.505,36.264,43.645,78
52.377,36.423,43.647,78
60.74,36.756,43.732,78
68.894,36.99,43.695,78
21.759,37.56,43.701,78
30.098,37.57,43.671,78
38.413,37.416,43.639,78
48.686,37.583,43.691,78
13.631,37.728,43.704,78
56.947,37.914,43.655,78
65.105,38.272,43.64,78
42.073,38.546,43.684,78
73.467,38.458,43.693,78
25.542,38.917,43.723,78
33.864,38.772,43.694,78
44.894,38.744,43.632,78
17.221,39.057,43.634,78
53.155,39.078,43.692,78
61.506,39.408,43.678,78
69.688,39.721,43.642,78
12.672,40.376,43.673,78
20.978,40.225,43.67,78
29.298,40.104,43.643,78
37.457,40.095,43.725,78
49.56,40.191,43.643,78
57.73,40.541,43.713,78
66.088,40.871,43.68,78
32.881,41.403,43.667,78
41.211,41.395,43.645,78
45.78,41.351,43.68,78
74.245,41.224,43.65,78
16.413,41.564,43.715,78
24.575,41.562,43.691,78
53.959,41.65,43.644,78
62.307,41.994,43.723,78
70.556,42.333,43.684,78
28.324,42.749,43.715,78
36.665,42.838,43.695,78
11.772,42.926,43.652,78
20.014,42.913,43.644,78
43.426,42.957,43.689,78
50.246,42.949,43.687,78
58.539,43.104,43.663,78
66.888,43.445,43.628,78
75.118,43.829,43.693,78
15.449,44.223,43.694,78
23.761,44.051,43.665,78
32.106,44.312,43.641,78
38.775,44.533,43.63,78
48.012,44.508,43.698,78
63.183,44.646,43.673,78
71.334,45.005,43.631,78
10.902,45.528,43.616,78
19.194,45.401,43.716,78
27.565,45.762,43.684,78
41.162,46.076,43.675,78
45.729,46.143,43.709,78
67.746,46.093,43.679,78
75.912,46.452,43.646,78
14.65,46.843,43.668,78
23.003,47.195,43.629,78
72.156,47.553,43.692,78
43.5,47.765,43.722,78
9.9316,48.212,43.701,78
18.452,48.768,43.674,78
25.244,48.868,43.685,78
76.717,49.031,43.692,78
14.003,50.199,43.721,78
20.669,50.315,43.716,78
27.541,50.569,43.736,78
40.94,50.867,43.698,78
9.4573,51.654,43.666,78
16.128,51.895,43.661,78
22.965,52.014,43.656,78
29.657,52.194,43.683,78
36.415,52.35,43.646,78
77.278,52.516,43.629,78
11.586,53.356,43.697,78
18.414,53.452,43.7,78
25.089,53.675,43.708,78
31.855,53.795,43.7,78
38.716,54.006,43.691,78
74.933,54.132,43.647,78
13.875,54.984,43.642,78
20.541,55.146,43.645,78
27.317,55.367,43.647,78
34.157,55.477,43.641,78
40.811,55.687,43.628,78
72.755,55.727,43.651,78
16.093,56.571,43.681,78
22.767,56.804,43.693,78
29.605,56.918,43.688,78
36.279,57.155,43.676,78
70.583,57.321,43.657,78
18.211,58.23,43.623,78
25.064,58.468,43.632,78
31.728,58.626,43.628,78
38.506,58.845,43.726,78
68.237,58.95,43.67,78
20.439,59.907,43.669,78
27.168,60.066,43.676,78
33.956,60.282,43.665,78
59.113,60.268,43.593,78
40.786,60.401,43.666,78
66.058,60.517,43.681,78
22.63,61.602,43.716,78
29.396,61.722,43.717,78
36.255,61.938,43.717,78
56.941,61.889,43.597,78
63.711,62.147,43.692,78
24.853,63.183,43.654,78
31.616,63.382,43.654,78
38.359,63.531,43.657,78
61.528,63.737,43.699,78
27.078,64.81,43.695,78
33.816,65.084,43.705,78
40.576,65.203,43.701,78
59.186,65.343,43.713,78
29.269,66.519,43.636,78
36.035,66.671,43.647,78
57.011,66.93,43.619,78
31.5,68.205,43.687,78
38.259,68.295,43.688,78
54.664,68.533,43.638,78
33.781,69.762,43.628,78
40.436,69.995,43.623,78
45.536,69.906,43.554,78
52.476,69.99,43.65,78
35.895,71.428,43.671,78
43.38,71.474,43.558,78
50.29,71.609,43.651,78
38.128,73.155,43.699,78
47.945,73.213,43.668,78
40.348,74.812,43.637,78
45.776,74.803,43.674,78
43.449,76.404,43.687,78
29.009,47.716,44.083,78
31.215,49.295,44.11,78
48.377,50.014,44.168,78
33.323,50.997,44.137,78
46.202,51.605,44.174,78
43.923,53.21,44.18,78
55.231,45.183,44.304,78
61.092,46.33,44.466,78
52.898,46.808,44.316,78
58.746,47.936,44.48,78
35.001,48.178,44.509,78
50.709,48.373,44.324,78
56.576,49.556,44.482,78
54.228,51.126,44.498,78
52.048,52.753,44.503,78
49.799,54.311,44.517,78
47.52,55.951,44.528,78
45.339,57.41,44.439,78
42.991,59.042,44.452,78
32.809,46.454,44.665,78
65.799,48.278,44.717,78
37.136,49.705,44.65,78
63.453,49.909,44.729,78
61.286,51.468,44.74,78
59,53.101,44.742,78
65.862,53.181,44.85,78
56.745,54.554,44.763,78
63.692,54.801,44.855,78
54.564,56.174,44.767,78
61.409,56.38,44.865,78
52.219,57.752,44.787,78
59.163,57.998,44.876,78
50.045,59.365,44.794,78
56.882,59.575,44.885,78
47.764,60.946,44.803,78
54.638,61.19,44.898,78
45.52,62.561,44.814,78
52.352,62.824,44.905,78
43.238,64.14,44.722,78
43.411,69.063,44.849,78
32.795,13.13,45.081,78
27.301,13.169,45.079,78
30.09,13.185,45.038,78
35.615,13.259,45.042,78
38.322,13.252,44.998,78
41.139,13.246,45.048,78
43.776,13.347,45.011,78
46.591,13.323,45.076,78
49.299,13.319,45.031,78
52.116,13.462,45.091,78
54.925,13.445,45.046,78
23.805,13.569,45.006,78
57.644,13.584,45.009,78
60.461,13.562,45.067,78
63.065,13.555,45.025,78
23.024,16.237,45.091,78
64.684,16.687,45.06,78
29.994,17.021,45.079,78
32.8,17.121,45.036,78
35.44,17.108,45.095,78
38.253,17.092,45.047,78
40.957,17.189,45.011,78
43.77,17.179,45.075,78
46.58,17.155,45.03,78
49.3,17.305,45.093,78
52.11,17.291,45.045,78
54.828,17.284,45.106,78
26.59,17.423,45.026,78
57.647,17.428,45.059,78
60.249,17.408,45.017,78
22.052,18.772,45.062,78
65.48,19.269,45.005,78
25.794,20.029,45.098,78
61.786,20.572,45.054,78
32.804,20.966,45.078,78
35.431,20.959,45.035,78
38.25,21.041,45.102,78
40.948,21.103,45.065,78
43.767,21.025,45.015,78
49.291,21.155,45.027,78
52.012,21.148,45.088,78
21.251,21.385,45.04,78
29.383,21.279,45.021,78
46.483,21.239,45.079,78
54.826,21.29,45.044,78
57.438,21.282,45.111,78
66.331,22.026,45.048,78
24.833,22.612,45.074,78
62.56,23.185,45.1,78
20.286,23.93,45.009,78
28.588,23.88,45.096,78
58.784,24.363,45.038,78
67.132,24.653,45.094,78
35.439,24.802,45.085,78
38.133,24.966,45.051,78
40.945,24.947,45.099,78
24.037,25.23,45.045,78
32.286,25.109,45.013,78
43.665,25.098,45.064,78
46.473,25.081,45.014,78
49.192,25.07,45.068,78
52.003,25.153,45.028,78
54.627,25.142,45.096,78
63.353,25.806,45.049,78
19.493,26.573,45.091,78
27.628,26.467,45.071,78
59.575,26.926,45.085,78
67.926,27.262,45.046,78
31.395,27.776,45.106,78
23.086,27.916,45.018,78
55.985,28.056,45.031,78
64.245,28.383,45.096,78
38.136,28.8,45.081,78
26.829,29.074,45.043,78
35.079,28.961,45.024,78
40.847,28.958,45.043,78
43.663,28.946,45.1,78
46.47,28.937,45.055,78
49.187,29.026,45.013,78
51.984,28.988,45.073,78
18.53,29.276,45.064,78
60.45,29.548,45.034,78
68.785,29.852,45.093,78
22.276,30.423,45.088,78
30.429,30.422,45.078,78
56.75,30.704,45.076,78
65.007,31.042,45.042,78
34.175,31.577,45.098,78
17.652,31.773,45.022,78
25.876,31.768,45.019,78
53.062,31.833,45.015,78
61.232,32.178,45.077,78
69.576,32.512,45.048,78
29.622,32.921,45.048,78
37.876,32.814,45.021,78
40.85,32.802,45.082,78
43.647,32.795,45.033,78
46.373,32.891,45.108,78
49.173,32.865,45.058,78
21.316,33.11,45.065,78
57.641,33.281,45.029,78
65.813,33.628,45.101,78
16.751,34.39,44.998,78
25.068,34.275,45.1,78
33.323,34.268,45.069,78
53.849,34.446,45.063,78
62.017,34.792,45.029,78
70.367,35.133,45.096,78
36.97,35.43,45.091,78
20.437,35.721,45.033,78
28.668,35.608,45.023,78
50.072,35.621,45.099,78
58.41,35.952,45.07,78
66.676,36.289,45.047,78
32.415,36.774,45.045,78
40.678,36.765,45.019,78
43.477,36.658,45.087,78
46.289,36.733,45.044,78
15.8,37.075,45.073,78
24.108,36.964,45.074,78
54.635,37.072,45.104,78
62.895,37.411,45.084,78
71.222,37.747,45.037,78
19.544,38.274,45.009,78
27.886,38.274,45.095,78
36.113,38.109,45.066,78
50.83,38.39,45.05,78
59.212,38.521,45.017,78
67.464,38.864,45.094,78
39.77,39.317,45.105,78
14.99,39.581,45.045,78
23.229,39.564,45.044,78
31.463,39.464,45.02,78
47.254,39.486,45.082,78
55.501,39.828,45.051,78
63.662,40.078,45.033,78
72.022,40.375,45.086,78
35.203,40.613,45.042,78
43.474,40.6,45.03,78
18.677,40.913,45.093,78
26.898,40.815,45.067,78
51.732,40.942,45.088,78
60.085,41.282,45.072,78
68.242,41.527,45.038,78
22.335,42.113,45.02,78
30.657,42.061,45.09,78
38.904,42.051,45.071,78
14.031,42.274,45.022,78
47.954,42.242,45.027,78
56.307,42.434,45.109,78
64.471,42.758,45.077,78
72.817,42.985,45.037,78
26.013,43.407,45.04,78
34.364,43.529,45.01,78
17.809,43.612,45.068,78
41.205,43.746,45.009,78
45.772,43.836,45.041,78
52.542,43.828,45.037,78
60.867,43.933,45.017,78
69.128,44.245,45.081,78
13.227,44.885,44.996,78
21.465,44.757,45.088,78
29.825,45.007,45.068,78
36.486,45.201,45.047,78
43.433,45.44,45.048,78
50.256,45.43,45.048,78
65.346,45.386,45.025,78
73.669,45.739,45.089,78
16.803,46.1,45.039,78
25.278,46.561,45.107,78
38.779,46.889,45.089,78
48.011,47.02,45.059,78
69.915,46.855,45.025,78
12.259,47.448,45.084,78
20.719,48.024,45.051,78
40.994,48.443,45.03,78
74.485,48.318,45.033,78
45.719,48.512,45.069,78
16.168,49.468,45.098,78
23.024,49.662,45.108,78
43.489,50.082,45.076,78
70.388,49.988,44.972,78
11.615,50.922,45.034,78
18.457,51.107,45.035,78
25.242,51.219,45.056,78
38.731,51.56,45.028,78
68.106,51.614,44.981,78
75.041,51.806,45.071,78
13.899,52.544,45.079,78
20.686,52.796,45.076,78
27.361,52.885,45.098,78
34.194,53.147,45.067,78
40.853,53.274,45.068,78
72.806,53.413,45.085,78
16.129,54.231,45.015,78
22.791,54.359,45.023,78
29.646,54.588,45.021,78
36.315,54.712,45.016,78
70.512,54.891,45.099,78
18.256,55.934,45.049,78
25.084,56.029,45.069,78
31.763,56.286,45.061,78
38.544,56.369,45.055,78
68.268,56.507,45.008,78
20.537,57.491,44.998,78
27.312,57.715,45.007,78
33.983,57.842,45.104,78
40.838,58.065,45.1,78
65.983,58.085,45.02,78
22.768,59.151,45.05,78
29.44,59.409,45.049,78
36.275,59.497,45.042,78
63.754,59.701,45.03,78
24.897,60.843,45.087,78
31.721,60.937,45.092,78
38.402,61.204,45.092,78
61.469,61.306,45.037,78
27.189,62.54,45.028,78
33.953,62.635,45.029,78
40.623,62.893,45.033,78
59.225,62.897,45.052,78
29.407,64.096,45.07,78
36.079,64.331,45.081,78
50.12,64.382,44.968,78
56.943,64.502,45.061,78
31.526,65.763,45.009,78
47.827,65.847,44.982,78
38.376,66.017,45.02,78
54.696,66.096,45.076,78
33.813,67.448,45.061,78
40.465,67.554,45.062,78
45.579,67.466,44.993,78
52.527,67.714,45.078,78
36.047,69.149,45.097,78
50.243,69.293,45.09,78
38.162,70.681,45.043,78
47.999,70.91,45.103,78
40.431,72.373,45.081,78
45.714,72.487,44.998,78
43.489,74.103,45.005,78
26.666,48.354,45.484,78
29.012,50.078,45.547,78
31.133,51.687,45.492,78
58.793,45.499,45.821,78
30.474,47.176,45.891,78
56.604,47.115,45.824,78
54.258,48.719,45.84,78
32.779,48.863,45.94,78
34.913,50.533,45.884,78
52.088,50.309,45.847,78
49.743,51.91,45.867,78
47.563,53.502,45.872,78
45.216,55.137,45.884,78
43.031,56.699,45.893,78
63.556,47.465,46.163,78
61.214,49.065,46.179,78
68.147,49.182,46.275,78
59.03,50.659,46.185,78
65.972,50.744,46.283,78
56.863,52.23,46.193,78
63.622,52.373,46.296,78
54.514,53.856,46.104,78
61.439,53.935,46.307,78
52.328,55.474,46.11,78
59.095,55.567,46.315,78
49.987,57.08,46.121,78
56.922,57.158,46.223,78
47.803,58.669,46.132,78
54.577,58.759,46.237,78
45.447,60.132,46.153,78
52.394,60.38,46.243,78
43.284,61.724,46.159,78
50.152,61.947,46.259,78
47.864,63.58,46.265,78
45.704,65.146,46.27,78
43.362,66.773,46.287,78
28.66,15.034,46.414,78
31.458,15.023,46.472,78
34.168,15.124,46.426,78
36.971,15.112,46.378,78
45.152,15.232,46.464,78
25.267,15.438,46.459,78
39.621,15.307,46.455,78
42.436,15.285,46.411,78
47.968,15.363,46.428,78
50.664,15.36,46.387,78
53.48,15.351,46.435,78
56.195,15.447,46.394,78
59.003,15.424,46.446,78
61.799,15.403,46.399,78
24.392,18.119,46.447,78
63.243,18.565,46.447,78
31.363,18.966,46.434,78
34.166,18.951,46.479,78
28.042,19.278,46.476,78
36.806,19.162,46.445,78
39.617,19.147,46.405,78
42.331,19.144,46.473,78
45.15,19.223,46.426,78
47.851,19.209,46.482,78
50.663,19.197,46.437,78
53.477,19.284,46.396,78
56.192,19.281,46.449,78
58.995,19.244,46.408,78
23.532,20.771,46.409,78
64.024,21.222,46.405,78
27.179,21.969,46.449,78
60.273,22.343,46.449,78
33.999,22.853,46.426,78
30.833,23.123,46.477,78
36.799,23.015,46.494,78
39.609,22.997,46.451,78
42.332,23.089,46.409,78
45.147,23.079,46.469,78
47.844,23.059,46.425,78
50.664,23.145,46.48,78
53.3,23.143,46.44,78
56.185,23.114,46.393,78
22.551,23.311,46.381,78
64.898,23.803,46.434,78
26.312,24.612,46.418,78
61.126,25.095,46.398,78
21.661,25.978,46.465,78
29.972,25.825,46.448,78
57.363,26.232,46.43,78
65.68,26.564,46.391,78
33.649,27.113,46.483,78
36.809,26.844,46.43,78
39.509,26.856,46.494,78
42.33,26.938,46.449,78
45.023,26.94,46.409,78
47.85,27.081,46.463,78
50.482,27.009,46.422,78
53.294,26.984,46.486,78
25.323,27.155,46.401,78
61.921,27.679,46.439,78
20.777,28.437,46.418,78
29.096,28.42,46.417,78
58.133,28.845,46.475,78
66.482,29.178,46.437,78
24.532,29.772,46.467,78
32.762,29.661,46.451,78
54.537,30.003,46.423,78
62.701,30.349,46.488,78
36.446,30.967,46.477,78
39.516,30.793,46.431,78
42.209,30.803,46.487,78
45.022,30.788,46.448,78
47.662,30.943,46.412,78
50.472,30.851,46.476,78
19.889,31.123,46.405,78
28.118,31.008,46.394,78
59.008,31.46,46.426,78
67.344,31.795,46.374,78
31.896,32.313,46.425,78
23.577,32.461,46.441,78
55.326,32.576,46.471,78
63.59,32.912,46.435,78
27.324,33.618,46.474,78
35.552,33.514,46.447,78
19.041,33.811,46.479,78
51.524,33.803,46.407,78
59.801,34.086,46.472,78
68.129,34.424,46.437,78
42.209,34.648,46.433,78
45.029,34.793,46.498,78
47.647,34.777,46.453,78
22.771,34.963,46.41,78
30.919,34.961,46.401,78
39.25,34.862,46.474,78
56.183,35.237,46.418,78
64.357,35.582,46.493,78
34.677,36.114,46.417,78
18.118,36.329,46.453,78
26.37,36.315,46.451,78
52.408,36.358,46.454,78
60.58,36.703,46.418,78
68.925,37.037,46.387,78
30.117,37.468,46.468,78
38.447,37.362,46.442,78
48.624,37.539,46.495,78
21.819,37.651,46.5,78
56.99,37.82,46.465,78
65.158,38.165,46.44,78
44.835,38.645,46.445,78
17.252,38.934,46.413,78
25.564,38.814,46.422,78
33.716,38.816,46.397,78
42.045,38.696,46.48,78
53.197,38.984,46.404,78
61.456,39.318,46.479,78
69.794,39.627,46.421,78
37.47,39.964,46.412,78
20.91,40.275,46.472,78
29.162,40.149,46.443,78
49.416,40.133,46.439,78
57.756,40.479,46.413,78
66.023,40.815,46.488,78
32.911,41.344,46.468,78
41.236,41.305,46.449,78
45.724,41.399,46.481,78
16.363,41.617,46.401,78
24.614,41.506,46.497,78
53.991,41.597,46.444,78
62.244,41.948,46.426,78
70.575,42.285,46.48,78
20.035,42.814,46.443,78
28.366,42.788,46.413,78
36.695,42.783,46.495,78
43.472,42.999,46.488,78
50.295,42.995,46.484,78
58.651,43.05,46.466,78
66.811,43.402,46.436,78
15.494,44.129,46.475,78
23.808,44.122,46.467,78
32.147,44.353,46.431,78
38.812,44.444,46.439,78
54.782,44.589,46.387,78
63.039,44.547,46.472,78
47.944,44.624,46.393,78
71.37,44.902,46.431,78
19.137,45.45,46.415,78
27.596,45.797,46.485,78
34.257,45.916,46.477,78
41.04,46.132,46.473,78
45.777,46.187,46.403,78
52.533,46.172,46.391,78
67.615,46.041,46.477,78
14.591,46.8,46.456,78
23.059,47.248,46.433,78
36.488,47.573,46.415,78
72.243,47.505,46.474,78
43.438,47.822,46.412,78
50.248,47.805,46.404,78
18.483,48.682,46.475,78
38.678,49.281,46.455,78
48.008,49.368,46.415,78
13.941,50.141,46.413,78
20.724,50.351,46.432,78
40.904,50.961,46.4,78
45.721,50.998,46.426,78
72.733,50.987,46.422,78
16.166,51.791,46.453,78
22.842,52.059,46.466,78
36.452,52.388,46.443,78
43.507,52.567,46.433,78
70.562,52.575,46.431,78
18.296,53.493,46.388,78
25.147,53.579,46.425,78
31.9,53.833,46.392,78
38.576,54.09,46.391,78
68.222,54.18,46.446,78
20.587,55.18,46.431,78
27.346,55.278,46.45,78
34.026,55.53,46.437,78
40.856,55.626,46.426,78
66.036,55.769,46.453,78
22.805,56.711,46.487,78
29.477,56.971,46.485,78
36.321,57.229,46.474,78
63.692,57.376,46.47,78
24.923,58.405,46.424,78
31.772,58.669,46.423,78
38.539,58.753,46.417,78
61.499,58.865,46.477,78
27.212,60.101,46.465,78
33.99,60.193,46.466,78
40.662,60.451,46.471,78
59.328,60.461,46.481,78
29.447,61.786,46.4,78
36.104,61.893,46.407,78
56.982,62.061,46.385,78
31.557,63.324,46.445,78
38.397,63.574,46.457,78
54.8,63.654,46.392,78
33.851,65.008,46.387,78
40.618,65.272,46.394,78
52.456,65.284,46.404,78
36.084,66.706,46.434,78
50.272,66.85,46.415,78
38.21,68.371,46.47,78
47.93,68.481,46.427,78
40.474,69.933,46.418,78
45.757,70.068,46.435,78
43.43,71.674,46.446,78
24.475,49.105,46.923,78
26.61,50.809,46.871,78
28.911,52.464,46.918,78
28.257,47.953,47.319,78
30.369,49.565,47.254,78
32.606,51.237,47.3,78
62.938,37.449,47.708,78
61.251,46.627,47.517,78
59.074,48.219,47.523,78
65.846,48.446,47.621,78
56.726,49.82,47.544,78
63.674,50.032,47.632,78
54.543,51.41,47.551,78
61.33,51.661,47.639,78
52.198,53.042,47.561,78
59.147,53.226,47.65,78
50.028,54.631,47.57,78
56.786,54.754,47.668,78
47.68,56.236,47.586,78
54.61,56.322,47.676,78
45.498,57.829,47.592,78
52.438,57.941,47.681,78
43.321,59.422,47.491,78
50.093,59.516,47.697,78
45.564,62.738,47.603,78
43.389,64.331,47.613,78
30.038,17.073,47.77,78
32.732,17.076,47.828,78
35.534,17.061,47.781,78
38.363,17.152,47.837,78
40.994,17.152,47.792,78
43.816,17.241,47.856,78
46.522,17.28,47.824,78
49.332,17.215,47.762,78
26.645,17.474,47.811,78
52.052,17.408,47.846,78
54.861,17.388,47.791,78
57.495,17.38,47.847,78
60.352,17.445,47.797,78
25.675,19.982,47.775,78
61.809,20.477,47.835,78
32.679,20.898,47.775,78
35.548,20.998,47.833,78
38.17,20.999,47.794,78
40.991,20.986,47.859,78
43.708,21.14,47.83,78
46.518,21.11,47.877,78
29.427,21.324,47.822,78
49.237,21.263,47.838,78
52.042,21.243,47.786,78
54.679,21.243,47.843,78
57.483,21.317,47.798,78
24.889,22.656,47.863,78
62.587,23.096,47.792,78
28.621,23.817,47.799,78
58.827,24.261,47.844,78
35.369,24.854,47.775,78
38.169,24.849,47.843,78
40.886,25.003,47.807,78
43.7,24.984,47.86,78
46.414,24.971,47.823,78
23.93,25.287,47.828,78
32.22,25.162,47.819,78
49.233,25.113,47.875,78
52.04,25.097,47.828,78
54.664,25.181,47.783,78
63.377,25.758,47.847,78
27.672,26.511,47.872,78
59.685,26.868,47.79,78
31.412,27.664,47.792,78
23.126,27.859,47.808,78
55.915,28.147,47.827,78
64.247,28.328,47.778,78
38.178,28.842,47.789,78
40.881,28.849,47.842,78
43.696,28.835,47.8,78
26.693,29.119,47.847,78
35.013,29.012,47.827,78
46.415,28.988,47.86,78
49.219,28.962,47.809,78
51.854,29.051,47.877,78
60.476,29.634,47.837,78
22.155,30.478,47.775,78
30.467,30.368,47.881,78
56.701,30.752,47.869,78
65.034,31.089,47.833,78
34.229,31.66,47.797,78
25.908,31.701,47.818,78
53.104,31.878,47.815,78
61.274,32.216,47.778,78
40.885,32.688,47.783,78
21.348,33.022,47.851,78
29.678,33.013,47.858,78
37.81,32.864,47.822,78
43.593,32.853,47.842,78
46.401,32.836,47.792,78
49.03,32.815,47.86,78
57.491,33.337,47.815,78
65.841,33.677,47.774,78
24.925,34.321,47.788,78
33.258,34.204,47.87,78
53.88,34.526,47.863,78
62.129,34.865,47.824,78
37.023,35.513,47.796,78
20.39,35.665,47.82,78
28.703,35.554,47.824,78
50.108,35.666,47.799,78
58.358,35.999,47.863,78
66.697,36.332,47.828,78
32.469,36.866,47.849,78
40.601,36.705,47.815,78
43.586,36.693,47.776,78
46.213,36.688,47.841,78
24.147,37.008,47.873,78
54.676,37.112,47.81,78
27.719,38.165,47.796,78
36.048,38.056,47.87,78
50.963,38.269,47.848,78
19.608,38.366,47.806,78
59.158,38.571,47.813,78
67.486,38.917,47.776,78
23.165,39.515,47.847,78
31.506,39.509,47.819,78
39.82,39.395,47.79,78
47.179,39.436,47.787,78
55.536,39.773,47.857,78
63.707,40.119,47.833,78
35.253,40.695,47.839,78
43.589,40.545,47.833,78
18.631,40.868,47.767,78
26.939,40.861,47.873,78
51.763,40.887,47.791,78
59.928,41.243,47.869,78
68.277,41.574,47.83,78
30.694,42.002,47.792,78
38.95,42.095,47.872,78
22.392,42.202,47.825,78
47.99,42.185,47.833,78
56.345,42.337,47.803,78
64.588,42.682,47.783,78
17.838,43.521,47.86,78
25.947,43.356,47.849,78
34.406,43.602,47.809,78
41.136,43.686,47.813,78
45.705,43.754,47.845,78
52.464,43.748,47.834,78
60.813,43.843,47.818,78
69.148,44.162,47.763,78
21.41,44.803,47.795,78
29.86,45.042,47.857,78
36.612,45.271,47.861,78
43.47,45.383,47.854,78
50.297,45.366,47.851,78
56.952,45.377,47.851,78
65.383,45.33,47.823,78
16.86,46.147,47.825,78
25.302,46.489,47.81,78
32.046,46.742,47.791,78
38.71,46.834,47.799,78
47.948,46.97,47.857,78
54.703,46.933,47.861,78
69.937,46.791,47.817,78
20.753,47.932,47.853,78
34.166,48.377,47.841,78
41.05,48.513,47.839,78
45.77,48.561,47.869,78
52.527,48.56,47.868,78
16.223,49.518,47.779,78
36.387,49.966,47.782,78
43.432,50.135,47.775,78
50.242,50.13,47.766,78
70.434,50.131,47.763,78
18.487,51.05,47.826,78
38.611,51.653,47.827,78
48.008,51.751,47.776,78
68.253,51.739,47.77,78
20.607,52.743,47.762,78
34.122,53.082,47.774,78
40.9,53.318,47.865,78
65.965,53.341,47.779,78
45.724,53.384,47.785,78
22.842,54.428,47.798,78
29.499,54.528,47.813,78
36.359,54.786,47.814,78
43.498,54.95,47.793,78
63.735,54.936,47.793,78
25.134,56.1,47.858,78
31.798,56.229,47.863,78
38.584,56.414,47.853,78
61.551,56.554,47.794,78
27.251,57.66,47.802,78
34.023,57.886,47.8,78
40.682,58.011,47.793,78
59.208,58.133,47.813,78
29.483,59.345,47.837,78
36.144,59.551,47.839,78
57.023,59.748,47.819,78
31.607,60.983,47.777,78
38.436,61.133,47.782,78
47.91,61.134,47.75,78
54.683,61.327,47.838,78
33.901,62.683,47.821,78
40.655,62.835,47.835,78
52.508,62.943,47.842,78
36.121,64.266,47.758,78
50.214,64.421,47.857,78
38.24,65.959,47.806,78
47.974,66.039,47.866,78
40.513,67.621,47.849,78
45.685,67.614,47.78,78
43.462,69.234,47.783,78
22.292,49.912,48.252,78
24.39,51.461,48.295,78
26.619,53.161,48.239,78
25.959,48.654,48.632,78
28.081,50.352,48.68,78
30.374,51.887,48.729,78
42.37,19.194,49.074,78
50.584,30.927,49.085,78
39.261,34.704,49.102,78
56.925,37.867,49.087,78
42.087,38.738,49.1,78
61.478,39.404,49.099,78
20.948,40.207,49.091,78
58.515,43.096,49.088,78
63.602,47.609,49.071,78
61.421,49.217,49.08,78
59.077,50.795,49.096,78
56.903,52.415,48.987,78
54.66,54.007,48.997,78
45.729,55.714,49.089,78
52.375,55.613,49.006,78
59.311,55.691,49.104,78
43.495,57.336,49.109,78
50.133,57.229,49.019,78
56.969,57.324,49.116,78
47.848,58.808,49.028,78
33.925,60.242,49.11,78
45.672,60.269,49.041,78
40.704,60.494,49.103,78
43.333,61.902,49.051,78
31.388,18.925,49.205,78
34.04,19.035,49.164,78
36.848,19.069,49.227,78
39.559,19.064,49.183,78
28.004,19.34,49.153,78
45.184,19.172,49.214,78
47.888,19.267,49.166,78
50.705,19.257,49.223,78
53.409,19.26,49.178,78
56.235,19.396,49.243,78
58.877,19.331,49.186,78
27.225,22.016,49.238,78
60.309,22.393,49.237,78
34.041,22.893,49.231,78
36.836,22.838,49.187,78
30.78,23.173,49.172,78
39.558,23.047,49.254,78
42.367,23.035,49.21,78
45.07,23.021,49.171,78
47.887,23.102,49.222,78
50.592,23.105,49.179,78
53.424,23.243,49.241,78
56.049,23.177,49.198,78
26.235,24.527,49.205,78
61.155,25.01,49.181,78
30.012,25.868,49.245,78
57.393,26.167,49.237,78
33.675,27.015,49.166,78
36.753,26.895,49.241,78
39.55,26.897,49.191,78
42.255,26.895,49.251,78
45.068,26.979,49.211,78
47.779,26.964,49.166,78
50.594,26.95,49.223,78
53.234,27.039,49.179,78
25.458,27.21,49.191,78
61.944,27.633,49.233,78
29.013,28.365,49.223,78
58.178,28.751,49.184,78
24.489,29.83,49.151,78
32.803,29.708,49.255,78
54.461,29.946,49.22,78
62.742,30.214,49.179,78
36.471,30.868,49.172,78
39.442,30.751,49.232,78
42.25,30.842,49.195,78
45.065,30.83,49.245,78
47.7,30.814,49.204,78
28.244,31.06,49.196,78
59.036,31.406,49.228,78
31.806,32.211,49.229,78
23.689,32.407,49.231,78
55.271,32.627,49.164,78
63.604,32.866,49.218,78
27.267,33.664,49.166,78
35.598,33.561,49.249,78
51.651,33.826,49.208,78
59.819,34.177,49.181,78
42.249,34.69,49.226,78
44.886,34.688,49.189,78
22.728,35.025,49.201,78
31.039,34.916,49.203,78
47.689,34.871,49.251,78
56.05,35.288,49.208,78
64.384,35.63,49.178,78
34.732,36.198,49.219,78
26.478,36.251,49.248,78
52.449,36.4,49.254,78
60.623,36.742,49.218,78
21.921,37.53,49.176,78
30.061,37.516,49.175,78
38.392,37.415,49.244,78
48.666,37.577,49.196,78
65.257,38.211,49.215,78
25.508,38.868,49.22,78
33.828,38.751,49.193,78
44.873,38.736,49.234,78
53.227,39.065,49.206,78
37.522,40.041,49.216,78
29.271,40.102,49.246,78
49.534,40.172,49.24,78
57.706,40.525,49.204,78
66.048,40.858,49.172,78
32.849,41.363,49.167,78
41.185,41.389,49.247,78
45.766,41.442,49.18,78
24.735,41.559,49.195,78
54.112,41.634,49.253,78
62.286,41.988,49.225,78
28.292,42.7,49.218,78
36.628,42.833,49.185,78
20.104,42.901,49.232,78
43.507,42.942,49.188,78
50.235,43.049,49.179,78
66.83,43.491,49.224,78
23.729,44.049,49.167,78
32.179,44.295,49.232,78
38.759,44.528,49.234,78
47.98,44.497,49.197,78
54.827,44.664,49.186,78
63.079,44.614,49.17,78
19.181,45.399,49.203,78
27.633,45.736,49.18,78
34.309,45.923,49.171,78
41.132,46.071,49.174,78
45.697,46.127,49.205,78
52.467,46.127,49.196,78
59.229,46.131,49.201,78
67.649,46.085,49.168,78
23.093,47.286,49.235,78
29.755,47.394,49.216,78
36.437,47.62,49.221,78
43.473,47.721,49.213,78
50.288,47.717,49.211,78
56.945,47.726,49.212,78
18.529,48.718,49.164,78
31.873,49.063,49.154,78
38.728,49.319,49.162,78
47.941,49.322,49.22,78
54.773,49.323,49.22,78
68.19,49.318,49.21,78
34.166,50.76,49.203,78
40.94,50.876,49.204,78
45.76,50.943,49.233,78
52.529,50.944,49.233,78
66.006,50.925,49.216,78
36.387,52.349,49.252,78
43.426,52.519,49.24,78
50.252,52.518,49.242,78
63.769,52.497,49.234,78
31.837,53.88,49.193,78
38.609,53.974,49.193,78
48.005,54.141,49.252,78
61.48,54.123,49.236,78
27.299,55.348,49.225,78
34.056,55.477,49.241,78
40.79,55.671,49.227,78
29.587,57.006,49.175,78
36.355,57.102,49.175,78
31.809,58.562,49.219,78
38.482,58.805,49.217,78
54.781,58.883,49.167,78
52.438,60.516,49.179,78
36.158,61.928,49.191,78
50.251,62.132,49.182,78
38.447,63.613,49.248,78
48.023,63.701,49.203,78
40.554,65.175,49.188,78
45.738,65.329,49.205,78
43.514,66.9,49.219,78
23.648,49.338,50.071,78
25.875,51.035,50.105,78
28.11,52.742,50.05,78
40.933,21.05,50.473,78
54.79,21.291,50.469,78
26.807,29.066,50.477,78
29.598,32.917,50.478,78
49.071,32.859,50.49,78
58.389,35.931,50.505,78
32.387,36.761,50.49,78
24.088,36.957,50.493,78
62.963,37.398,50.507,78
36.089,38.097,50.503,78
50.99,38.352,50.484,78
23.219,39.562,50.464,78
55.478,39.824,50.483,78
35.203,40.777,50.485,78
60.05,41.274,50.492,78
38.886,42.045,50.5,78
36.463,45.184,50.494,78
50.229,45.42,50.489,78
56.995,45.418,50.485,78
54.821,46.978,50.492,78
34.208,48.317,50.487,78
40.98,48.565,50.488,78
38.507,56.366,50.5,78
36.255,59.489,50.487,78
47.957,61.275,50.497,78
32.772,20.959,50.559,78
35.403,20.973,50.619,78
38.223,21.062,50.571,78
43.742,21.039,50.595,78
46.46,21.184,50.564,78
49.269,21.169,50.612,78
52.077,21.159,50.57,78
29.472,21.257,50.606,78
57.57,21.253,50.581,78
28.575,23.88,50.583,78
58.86,24.314,50.631,78
35.408,24.891,50.581,78
38.109,24.963,50.653,78
40.926,24.884,50.606,78
49.27,24.997,50.576,78
32.25,25.104,50.623,78
43.739,25.089,50.571,78
46.453,25.068,50.619,78
51.975,25.151,50.634,78
54.76,25.118,50.578,78
27.726,26.557,50.552,78
59.708,26.919,50.572,78
31.356,27.716,50.595,78
55.963,28.039,50.629,78
38.113,28.74,50.591,78
35.046,28.958,50.629,78
40.922,28.948,50.647,78
43.634,28.943,50.604,78
46.447,28.919,50.555,78
49.08,29.018,50.617,78
51.887,28.995,50.567,78
60.506,29.55,50.623,78
30.509,30.409,50.561,78
56.734,30.7,50.58,78
34.151,31.57,50.602,78
25.965,31.748,50.606,78
53.038,31.821,50.617,78
61.294,32.158,50.576,78
37.852,32.909,50.625,78
40.823,32.795,50.579,78
43.632,32.791,50.638,78
46.265,32.888,50.599,78
57.608,33.278,50.626,78
25.054,34.377,50.576,78
33.298,34.249,50.573,78
53.831,34.397,50.562,78
62.152,34.784,50.613,78
36.945,35.42,50.595,78
28.748,35.6,50.623,78
50.151,35.711,50.601,78
40.648,36.748,50.624,78
43.63,36.739,50.583,78
46.255,36.733,50.648,78
54.62,37.166,50.604,78
27.839,38.214,50.596,78
59.17,38.704,50.623,78
39.83,39.249,50.599,78
31.543,39.456,50.62,78
47.218,39.483,50.586,78
63.738,40.17,50.63,78
43.442,40.593,50.63,78
26.973,40.788,50.57,78
51.805,40.93,50.592,78
22.327,42.121,50.608,78
30.552,42.053,50.596,78
47.935,42.237,50.631,78
56.275,42.392,50.594,78
64.608,42.737,50.56,78
25.995,43.402,50.545,78
34.343,43.525,50.607,78
41.18,43.729,50.612,78
45.752,43.799,50.542,78
52.514,43.79,50.636,78
60.845,43.916,50.614,78
21.461,44.742,50.571,78
29.794,45.094,50.554,78
43.513,45.424,50.548,78
65.416,45.374,50.61,78
25.245,46.535,50.604,78
31.91,46.652,50.597,78
38.756,46.879,50.6,78
47.995,46.981,50.556,78
61.473,46.997,50.554,78
20.702,47.972,50.538,78
27.372,48.231,50.541,78
45.712,48.612,50.566,78
52.47,48.611,50.555,78
59.235,48.609,50.565,78
66.058,48.596,50.546,78
29.654,49.76,50.579,78
36.435,50.008,50.585,78
43.478,50.236,50.575,78
50.289,50.233,50.57,78
56.949,50.239,50.573,78
63.717,50.218,50.56,78
31.875,51.452,50.627,78
38.722,51.691,50.624,78
47.931,51.704,50.579,78
54.785,51.805,50.586,78
61.533,51.783,50.571,78
34.173,53.132,50.57,78
40.933,53.22,50.564,78
45.766,53.267,50.594,78
52.523,53.255,50.597,78
59.19,53.415,50.581,78
29.606,54.555,50.611,78
36.392,54.691,50.616,78
43.432,54.899,50.601,78
50.238,54.886,50.605,78
56.996,54.878,50.596,78
31.846,56.266,50.546,78
47.995,56.507,50.619,78
54.65,56.506,50.611,78
33.963,57.8,50.594,78
40.784,58.054,50.591,78
45.713,58.084,50.627,78
52.482,58.077,50.618,78
43.496,59.705,50.637,78
50.295,59.692,50.621,78
38.485,61.171,50.571,78
40.606,62.878,50.617,78
45.767,62.887,50.544,78
43.441,64.472,50.558,78
34.149,22.996,51.859,78
39.593,22.995,51.861,78
53.288,23.155,51.861,78
30.049,25.798,51.878,78
57.427,26.213,51.858,78
36.789,26.837,51.857,78
32.839,29.649,51.88,78
39.485,30.792,51.869,78
45.003,30.882,51.88,78
50.447,30.842,51.891,78
59.067,31.454,51.86,78
35.632,33.506,51.885,78
42.195,34.793,51.864,78
47.63,34.713,51.87,78
39.232,34.838,51.91,78
26.359,36.29,51.869,78
52.386,36.356,51.893,78
60.719,36.688,51.85,78
38.435,37.458,51.88,78
56.953,37.807,51.902,78
42.025,38.693,51.901,78
44.807,38.692,51.862,78
61.522,39.279,51.897,78
29.139,40.147,51.879,78
49.575,40.218,51.88,78
41.218,41.289,51.881,78
53.978,41.691,51.882,78
58.625,43.173,51.89,78
32.124,44.348,51.88,78
38.793,44.44,51.876,78
23.021,47.232,51.872,78
29.695,47.474,51.869,78
47.988,49.365,51.868,78
45.702,50.994,51.874,78
52.46,50.993,51.869,78
59.233,50.97,51.876,78
29.646,52.248,51.875,78
36.429,52.394,51.898,78
43.47,52.561,51.886,78
50.294,52.556,51.88,78
56.949,52.551,51.886,78
47.948,54.19,51.891,78
54.766,54.168,51.892,78
34.173,55.51,51.882,78
40.826,55.613,51.882,78
45.766,55.781,51.904,78
43.436,57.386,51.914,78
38.519,58.735,51.862,78
40.632,60.443,51.9,78
30.854,23.268,51.955,78
36.78,23.017,51.98,78
42.301,23.103,52,78
45.11,23.078,51.952,78
47.819,23.077,52.006,78
50.637,23.17,51.961,78
56.097,23.14,51.966,78
33.634,27.112,51.971,78
39.483,26.95,51.998,78
42.292,26.936,51.953,78
45.01,26.918,52.012,78
47.821,27.004,51.973,78
50.636,26.994,52.019,78
53.269,26.981,51.979,78
29.088,28.463,52.007,78
58.271,28.8,51.956,78
54.501,29.991,52.021,78
42.288,30.787,51.992,78
47.821,30.854,52.004,78
28.128,31.109,51.97,78
36.439,31.001,51.976,78
31.869,32.302,52.029,78
55.303,32.574,51.968,78
27.315,33.616,51.944,78
51.525,33.742,52.012,78
59.866,34.039,51.958,78
45.01,34.793,51.993,78
31.08,34.956,52.001,78
56.161,35.232,52.017,78
34.66,36.155,52.023,78
30.09,37.456,51.975,78
48.713,37.47,51.997,78
25.577,38.96,52.011,78
33.868,38.798,51.998,78
53.168,38.978,52.004,78
37.449,39.996,52.018,78
57.738,40.472,52.011,78
32.881,41.293,51.97,78
45.809,41.355,51.981,78
24.596,41.497,51.98,78
62.305,41.933,52.017,78
28.343,42.773,52.018,78
36.659,42.739,51.985,78
43.447,42.997,51.989,78
50.273,42.982,51.985,78
23.782,44.102,51.952,78
47.924,44.58,51.997,78
54.682,44.583,51.986,78
63.166,44.664,51.951,78
27.576,45.791,51.98,78
34.256,46.036,51.971,78
41.019,46.128,51.977,78
45.745,46.172,52.007,78
52.515,46.17,51.998,78
59.336,46.182,52.005,78
36.473,47.569,52.025,78
43.52,47.795,52.014,78
50.23,47.802,52.008,78
56.989,47.799,52.013,78
63.747,47.778,51.999,78
25.145,48.912,51.951,78
31.922,49.138,51.957,78
38.59,49.264,51.962,78
54.814,49.366,52.024,78
61.462,49.353,52.009,78
27.374,50.595,51.984,78
34.206,50.689,52.014,78
40.981,50.951,52.001,78
31.883,53.822,51.985,78
38.555,54.087,51.989,78
52.52,55.736,51.949,78
36.304,57.2,51.962,78
50.233,57.364,51.954,78
48.003,58.978,51.967,78
45.709,60.457,51.98,78
43.487,62.049,51.992,78
38.15,25.01,53.252,78
32.202,25.156,53.253,78
46.492,25.115,53.241,78
52.004,25.105,53.248,78
55.979,28.128,53.248,78
40.858,28.846,53.267,78
34.991,29.009,53.256,78
49.19,28.959,53.242,78
53.081,31.858,53.242,78
29.645,32.966,53.276,78
37.886,32.842,53.26,78
43.495,32.845,53.275,78
49.176,32.895,53.289,78
57.622,33.368,53.25,78
28.689,35.653,53.247,78
58.419,35.981,53.3,78
32.431,36.802,53.286,78
40.684,36.692,53.253,78
46.289,36.665,53.268,78
54.653,37.112,53.247,78
36.127,38.05,53.306,78
50.957,38.223,53.285,78
59.221,38.572,53.246,78
31.477,39.507,53.259,78
55.513,39.757,53.295,78
35.223,40.652,53.28,78
43.475,40.539,53.254,78
60.072,41.227,53.292,78
38.927,42.091,53.305,78
47.965,42.168,53.276,78
26.115,43.449,53.281,78
34.388,43.592,53.257,78
41.216,43.674,53.249,78
52.446,43.742,53.282,78
60.876,43.821,53.243,78
36.506,45.226,53.298,78
57.033,45.361,53.291,78
54.681,46.927,53.297,78
34.253,48.362,53.286,78
41.018,48.507,53.293,78
31.819,51.496,53.268,78
38.76,51.636,53.277,78
36.328,54.763,53.256,78
43.476,54.942,53.252,78
50.278,54.922,53.242,78
38.557,56.406,53.296,78
47.935,56.553,53.249,78
45.753,58.119,53.259,78
43.424,59.751,53.269,78
35.452,24.861,53.352,78
40.97,25.006,53.392,78
43.672,24.95,53.335,78
49.192,25.119,53.365,78
54.65,25.198,53.367,78
31.423,27.811,53.383,78
38.161,28.84,53.391,78
43.683,28.985,53.403,78
46.375,28.971,53.361,78
51.827,29.043,53.367,78
30.454,30.349,53.35,78
56.764,30.745,53.366,78
34.224,31.705,53.408,78
40.861,32.742,53.389,78
46.373,32.819,53.401,78
33.233,34.198,53.374,78
53.845,34.525,53.362,78
37.015,35.553,53.407,78
50.076,35.654,53.402,78
43.49,36.694,53.378,78
27.878,38.163,53.382,78
39.8,39.38,53.392,78
47.158,39.424,53.391,78
26.931,40.846,53.36,78
51.744,40.884,53.394,78
30.655,42,53.395,78
56.311,42.337,53.401,78
45.786,43.732,53.342,78
29.829,45.037,53.357,78
43.446,45.367,53.353,78
50.267,45.366,53.351,78
25.293,46.473,53.389,78
31.958,46.727,53.401,78
38.79,46.811,53.399,78
47.914,46.932,53.361,78
61.498,46.926,53.343,78
27.42,48.154,53.329,78
45.747,48.554,53.367,78
52.509,48.554,53.361,78
59.32,48.533,53.349,78
29.706,49.826,53.37,78
36.369,49.959,53.388,78
43.513,50.125,53.374,78
50.224,50.128,53.372,78
56.976,50.109,53.367,78
47.981,51.748,53.383,78
54.804,51.727,53.37,78
34.215,53.068,53.365,78
40.876,53.274,53.361,78
45.697,53.38,53.393,78
52.462,53.355,53.381,78
40.832,58.094,53.38,78
36.725,26.899,54.66,78
45.047,26.976,54.633,78
50.574,27.116,54.644,78
32.778,29.702,54.678,78
54.536,30.032,54.645,78
39.52,30.741,54.667,78
45.04,30.811,54.672,78
47.67,31.031,54.629,78
50.548,30.976,54.7,78
31.919,32.349,54.642,78
35.564,33.557,54.692,78
51.626,33.812,54.637,78
39.241,34.7,54.708,78
42.231,34.685,54.659,78
31.017,34.893,54.62,78
47.661,34.863,54.671,78
56.19,35.275,54.644,78
34.713,36.24,54.656,78
52.429,36.394,54.695,78
38.358,37.401,54.685,78
48.642,37.562,54.62,78
56.985,37.856,54.689,78
33.804,38.746,54.635,78
42.071,38.736,54.705,78
44.85,38.737,54.658,78
53.19,39.068,54.637,78
29.271,40.204,54.676,78
37.5,40.075,54.659,78
49.428,40.177,54.683,78
57.768,40.522,54.638,78
41.261,41.331,54.681,78
54.084,41.625,54.686,78
28.38,42.692,54.652,78
36.703,42.807,54.633,78
58.648,43.095,54.68,78
32.156,44.28,54.683,78
38.834,44.483,54.673,78
47.965,44.652,54.638,78
54.791,44.658,54.633,78
45.788,46.217,54.649,78
52.444,46.223,54.646,78
59.212,46.223,54.634,78
29.732,47.413,54.666,78
36.405,47.62,54.66,78
43.439,47.72,54.663,78
50.268,47.716,54.658,78
57.031,47.835,54.644,78
48.022,49.311,54.669,78
54.676,49.301,54.657,78
34.156,50.738,54.643,78
40.904,50.864,54.653,78
45.734,50.938,54.678,78
52.493,50.918,54.671,78
36.366,52.327,54.697,78
43.509,52.506,54.691,78
50.211,52.496,54.68,78
38.598,53.966,54.635,78
47.98,54.113,54.693,78
40.871,55.656,54.677,78
45.694,55.689,54.701,78
43.469,57.312,54.711,78
33.676,27.031,54.742,78
39.515,26.912,54.779,78
42.327,26.888,54.737,78
47.852,26.975,54.742,78
53.371,27.054,54.744,78
36.441,30.848,54.788,78
42.234,30.84,54.799,78
55.338,32.624,54.746,78
44.866,34.681,54.792,78
30.155,37.519,54.751,78
32.927,41.344,54.767,78
45.729,41.473,54.779,78
43.494,43.038,54.787,78
50.317,43.025,54.783,78
27.615,45.717,54.766,78
34.287,45.925,54.772,78
41.121,46.168,54.773,78
31.965,49.044,54.748,78
38.699,49.305,54.765,78
38.096,28.804,55.997,78
35.047,29.061,56.05,78
40.901,28.956,56.064,78
43.6,28.935,56.028,78
49.235,29.009,56.044,78
34.248,31.602,56.019,78
52.934,31.827,56.045,78
37.833,32.897,56.065,78
40.901,32.785,56.014,78
43.599,32.785,56.068,78
46.413,32.863,56.027,78
49.047,32.853,56.09,78
37.034,35.44,56.031,78
50.121,35.691,56.031,78
32.486,36.858,56.083,78
40.628,36.745,56.064,78
43.597,36.737,56.016,78
46.233,36.72,56.075,78
54.759,37.152,56.03,78
36.074,38.098,56.108,78
50.974,38.349,56.087,78
39.823,39.289,56.034,78
31.514,39.437,56.054,78
47.198,39.466,56.02,78
55.544,39.802,56.083,78
43.417,40.589,56.049,78
35.281,40.765,56.083,78
51.785,40.924,56.037,78
30.54,42.052,56.014,78
38.865,42.045,56.104,78
48.012,42.21,56.081,78
56.338,42.411,56.036,78
34.487,43.477,56.059,78
41.161,43.726,56.051,78
52.487,43.786,56.084,78
36.61,45.168,56.099,78
56.961,45.412,56.084,78
32.077,46.764,56.039,78
38.734,46.863,56.038,78
54.792,46.969,56.093,78
34.187,48.298,56.084,78
40.959,48.562,56.089,78
36.419,49.999,56.018,78
43.456,50.232,56.022,78
50.26,50.22,56.008,78
38.707,51.682,56.069,78
48.02,51.788,56.024,78
45.733,53.418,56.029,78
43.51,54.873,56.048,78
46.41,28.928,56.147,78
51.864,29.009,56.151,78
33.296,34.249,56.159,78
53.78,34.58,56.149,78
45.727,43.785,56.143,78
29.885,45.073,56.136,78
43.489,45.412,56.154,78
50.309,45.408,56.148,78
47.959,46.979,56.155,78
45.795,48.6,56.168,78
52.445,48.599,56.146,78
40.918,53.214,56.155,78
36.397,30.947,57.391,78
39.463,30.803,57.463,78
42.264,30.786,57.411,78
44.98,30.888,57.474,78
47.794,30.873,57.426,78
50.411,30.908,57.384,78
35.615,33.605,57.482,78
51.498,33.743,57.435,78
44.98,34.717,57.421,78
47.796,34.694,57.475,78
39.306,34.828,57.409,78
42.182,34.846,57.47,78
34.645,36.153,57.45,78
52.345,36.351,57.484,78
38.404,37.445,57.482,78
48.685,37.606,57.427,78
44.989,38.556,57.455,78
33.855,38.791,57.43,78
42.102,38.678,57.402,78
53.133,39.115,57.435,78
37.508,39.93,57.458,78
49.547,40.216,57.482,78
32.889,41.428,57.404,78
41.19,41.289,57.483,78
45.767,41.375,57.413,78
54.112,41.672,57.474,78
36.656,42.894,57.428,78
43.417,42.98,57.426,78
50.249,42.979,57.429,78
32.104,44.329,57.477,78
38.769,44.423,57.474,78
48.003,44.568,57.444,78
54.656,44.573,57.433,78
34.226,46.03,57.413,78
41.156,46.111,57.414,78
45.722,46.17,57.452,78
52.476,46.163,57.442,78
36.447,47.559,57.458,78
43.485,47.791,57.465,78
50.307,47.781,57.446,78
38.734,49.241,57.396,78
47.96,49.357,57.462,78
40.954,50.929,57.443,78
45.776,50.972,57.473,78
43.449,52.556,57.483,78
37.873,32.843,58.855,78
40.834,32.846,58.815,78
43.636,32.823,58.767,78
46.28,32.827,58.823,78
49.146,32.904,58.776,78
36.984,35.494,58.832,78
50.051,35.647,58.826,78
40.659,36.687,58.861,78
43.464,36.679,58.814,78
46.27,36.761,58.774,78
36.126,38.147,58.801,78
50.911,38.268,58.763,78
39.781,39.383,58.83,78
47.234,39.411,58.818,78
35.197,40.654,58.78,78
43.463,40.634,58.858,78
51.7,40.869,58.827,78
38.911,42.12,58.805,78
47.936,42.167,58.876,78
34.365,43.583,58.847,78
41.198,43.67,58.849,78
45.763,43.727,58.78,78
52.52,43.729,58.776,78
36.492,45.214,58.79,78
43.424,45.361,58.786,78
50.235,45.353,58.786,78
38.779,46.904,58.834,78
47.99,46.945,58.799,78
40.995,48.484,58.771,78
45.708,48.547,58.806,78
43.49,50.113,58.822,78
42.197,34.691,60.151,78
39.25,34.886,60.201,78
45.022,34.871,60.22,78
47.634,34.859,60.181,78
38.44,37.387,60.175,78
48.601,37.566,60.213,78
42.036,38.729,60.212,78
44.818,38.72,60.17,78
37.477,40.024,60.147,78
49.397,40.175,60.164,78
41.23,41.364,60.181,78
45.712,41.427,60.212,78
36.689,42.804,60.224,78
43.457,43.021,60.221,78
50.283,43.017,60.22,78
38.818,44.489,60.166,78
47.942,44.643,60.234,78
41.102,46.159,60.208,78
45.763,46.206,60.248,78
43.429,47.838,60.253,78
40.708,36.737,61.545,78
43.574,36.731,61.609,78
46.368,36.71,61.556,78
39.827,39.421,61.629,78
47.172,39.463,61.613,78
43.491,40.568,61.556,78
39.018,42.019,61.6,78
47.97,42.205,61.557,78
41.071,43.717,61.54,78
45.799,43.793,61.566,78
43.469,45.396,61.578,78
42.067,38.627,62.99,78
44.857,38.625,62.949,78
41.265,41.272,62.973,78
45.737,41.338,62.997,78
43.494,42.954,62.916,78
43.441,40.627,64.335,78
